Time,Open,High,Low,Latest,Change,%Change,Volume,"Open Int"
2026-03-04,24710.75,25217.75,24499,25128.25,372.5,+1.50%,603596,269922
2026-03-03,25002.75,25011,24352,24755.75,-269.5,-1.08%,719421,268602
2026-03-02,24682.5,25101,24477,25025.25,20.5,+0.08%,627650,271793
2026-02-27,25024.25,25098.75,24782,25004.75,-76.25,-0.30%,561211,268705
2026-02-26,25388.25,25418.25,24861.75,25081,-301.,-1.19%,605581,272649
2026-02-25,25016.25,25494.75,24992,25382,353.25,+1.41%,417621,270023
2026-02-24,24788,25078.75,24694.5,25028.75,266,+1.07%,520239,267918
2026-02-23,25033.75,25059.75,24668,24762.75,-304.75,-1.22%,594568,271314
2026-02-20,24837.75,25139.5,24678.5,25067.5,208.75,+0.84%,615358,268904
2026-02-19,24943.5,25054,24749,24858.75,-97.25,-0.39%,515038,275393
2026-02-18,24773.75,25128.25,24700.75,24956,188.25,+0.76%,540796,264976
2026-02-17,24789.75,24922.25,24449.25,24767.75,-35.5,-0.14%,752646,270655
2026-02-13,24842.25,24995.5,24578.75,24803.25,35.25,+0.14%,688226,267673
2026-02-12,25289,25419.75,24721.5,24768,-520.5,-2.06%,668338,269452
2026-02-11,25259,25465.25,25058.25,25288.5,70.25,+0.28%,531730,261121
2026-02-10,25363,25447.25,25198.25,25218.25,-135.75,-0.54%,477554,261174
2026-02-09,25153.75,25428.75,24955.5,25354,190.75,+0.76%,492306,259212
2026-02-06,24416,25222,24239.75,25163.25,512.25,+2.08%,653956,264038
2026-02-05,25061.75,25169,24407.25,24651,-348.25,-1.39%,774469,275443
2026-02-04,25387.5,25514.25,24783.5,24999.25,-452.75,-1.78%,742646,272485
2026-02-03,25876.5,26027.75,25219,25452,-398.,-1.54%,696150,267240
2026-02-02,25530,25949.5,25180.25,25850,180,+0.70%,578865,257866
2026-01-30,25998.5,26020,25568.75,25670,-329.25,-1.27%,712197,259501
2026-01-29,26282.5,26296,25536,25999.25,-157.,-0.60%,699097,257529
2026-01-28,26111.25,26349,25993.25,26156.25,83.25,+0.32%,511937,261479
2026-01-27,25861.25,26118,25838.5,26073,224.5,+0.87%,429460,259596
2026-01-26,25585.5,25936.5,25362,25848.5,110.25,+0.43%,450290,257044
2026-01-23,25605,25845.75,25540.25,25738.25,80,+0.31%,504901,255812
2026-01-22,25529.5,25739.75,25483.75,25658.25,187.25,+0.74%,533607,255722
2026-01-21,25149.5,25653.5,25025,25471,341.75,+1.36%,810753,257590
2026-01-20,25471,25472,25095.25,25129.25,-559.75,-2.18%,864568,266265
2026-01-16,25720.5,25891,25591.5,25689,-16.75,-0.07%,490573,268631
2026-01-15,25593,25952.75,25562.5,25705.75,74.75,+0.29%,591058,271773
2026-01-14,25900.75,25925.75,25420.75,25631,-275.,-1.06%,647871,272282
2026-01-13,25953.5,26045.5,25803.25,25906,-50.75,-0.20%,560438,278121
2026-01-12,25949,26020.5,25632.75,25956.75,18.5,+0.07%,452996,275751
2026-01-09,25725,25985.5,25615.5,25938.25,250.75,+0.98%,509669,272389
2026-01-08,25838.75,25849.75,25569,25687.5,-151.25,-0.59%,510805,266367
2026-01-07,25831.25,25996.25,25727,25838.75,16.75,+0.06%,477861,271524
2026-01-06,25583,25837.75,25527.5,25822,244.25,+0.95%,445573,273663
2026-01-05,25431.75,25708,25406.5,25577.75,192.5,+0.76%,461305,270215
2026-01-02,25478.5,25803.75,25265.25,25385.25,-71.5,-0.28%,554838,270116
2025-12-31,25683.25,25716.75,25429,25456.75,-218.5,-0.85%,329352,274059
2025-12-30,25740,25793.75,25668.25,25675.25,-64.5,-0.25%,300558,275913
2025-12-29,25863.25,25893.75,25648,25739.75,-123.5,-0.48%,347055,274205
2025-12-26,25868,25935.25,25834.25,25863.25,-17.25,-0.07%,240485,270034
2025-12-24,25815.75,25892,25777.5,25880.5,68.25,+0.26%,163037,264085
2025-12-23,25701,25822.5,25608.25,25812.25,120,+0.47%,336346,265028
2025-12-22,25635.25,25794.75,25628,25692.25,117.5,+0.46%,367322,266447
2025-12-19,25240,25600.25,25209.75,25574.75,313,+1.24%,502611,268942
2025-12-18,24983.5,25412.5,24901.25,25261.75,363,+1.46%,711273,271021
2025-12-17,25332,25508.5,24887.75,24898.75,-481.5,-1.90%,693927,266171
2025-12-16,25345.75,25444,25073.25,25380.25,37.5,+0.15%,671994,246109
2025-12-15,25463.25,25668,25285.75,25342.75,-126.75,-0.50%,499257,170252
2025-12-12,25971,25990.75,25371.5,25469.5,-501.5,-1.93%,88920,60993
2025-12-11,26047.5,26119,25640.75,25971,-83.,-0.32%,27889,29048
2025-12-10,25940,26124,25783.5,26054,100,+0.39%,14822,18629
2025-12-09,25960,25990,25813.5,25954,37.5,+0.14%,4964,12292
2025-12-08,25997.25,26113,25818.5,25916.5,-68.5,-0.26%,4584,10053
2025-12-05,25892.5,26120,25832.75,25985,112.5,+0.43%,2690,8612
2025-12-04,25897,25982.5,25739.75,25872.5,-35.5,-0.14%,2063,7900
2025-12-03,25873,25934.5,25674.25,25908,49,+0.19%,2976,7355
2025-12-02,25670.5,25925.5,25578.5,25859,217.25,+0.85%,2112,6042
2025-12-01,25743.5,25780,25447.75,25641.75,-93.75,-0.36%,1755,5654
2025-11-28,25564.5,25750.75,25550,25735.5,182.25,+0.71%,823,5365
2025-11-26,25317.5,25628.5,25313.75,25553.25,219,+0.86%,1417,5257
2025-11-25,25211,25388.25,24848,25334.25,137,+0.54%,2527,5137
2025-11-24,24718.25,25241.25,24611.75,25197.25,648.5,+2.64%,1415,4430
2025-11-21,24336.25,24842.25,24152.25,24548.75,171.25,+0.70%,2586,4212
2025-11-20,25250,25567.75,24321.5,24377.5,-598.,-2.39%,2829,3932
2025-11-19,24802.25,25241.25,24701.5,24975.5,128.25,+0.52%,1675,3578
2025-11-18,25205,25212.5,24630.75,24847.25,-285.75,-1.14%,1844,3343
2025-11-17,25382.75,25622.25,24989.75,25133,-219.25,-0.86%,1259,3197
2025-11-14,25372.5,25551.5,24882,25352.25,-1.75,-0.01%,1462,2982
2025-11-13,25845,25988.5,25263.75,25354,-533.,-2.06%,1134,2711
2025-11-12,25908.5,26096,25753,25887,-16.,-0.06%,868,2525
2025-11-11,25985.25,26029.75,25742.5,25903,-76.,-0.29%,720,2447
2025-11-10,25566.75,26025.25,25525.25,25979,557.25,+2.19%,1066,2344
2025-11-07,25536,25611.75,24960.75,25421.75,-80.,-0.31%,1609,2224
2025-11-06,25990,26084,25457.25,25501.75,-508.5,-1.95%,1291,2253
2025-11-05,25793.25,26139.5,25542.25,26010.25,174.25,+0.67%,1292,2129
2025-11-04,26353.75,26353.75,25785,25836,-530.5,-2.01%,1079,2009
2025-11-03,26265.5,26530,26265.5,26366.5,99.5,+0.38%,528,1987
2025-10-31,26435,26536.5,26151.75,26267,122.5,+0.47%,1087,1895
2025-10-30,26442,26670,26119,26144.5,-380.5,-1.43%,1245,1836
2025-10-29,26432.25,26635.75,26312.25,26525,102.25,+0.39%,1020,1679
2025-10-28,26255,26490,26201.75,26422.75,203.5,+0.78%,600,1571
2025-10-27,25931.25,26266,25931.25,26219.25,462,+1.79%,676,1472
2025-10-24,25540,25815,25540,25757.25,256.5,+1.01%,756,1481
2025-10-23,25244.75,25538.75,25184.5,25500.75,216,+0.85%,554,1315
2025-10-22,25497.75,25585.25,25051.25,25284.75,-257.25,-1.01%,828,1372
2025-10-21,25567,25612.5,25451,25542,-9.5,-0.04%,392,1331
2025-10-20,25287,25599,25198.75,25551.5,324.25,+1.29%,463,1306
2025-10-17,25080,25294.5,24643.5,25227.25,157,+0.63%,1010,1355
2025-10-16,25199.5,25422,24883.5,25070.25,-96.5,-0.38%,944,1289
2025-10-15,24991,25356,24905.25,25166.75,163.5,+0.65%,753,1223
2025-10-14,25170,25285,24660,25003.25,-161.5,-0.64%,1001,1179
2025-10-13,24809.5,25203.25,24809.5,25164.75,530.25,+2.15%,860,1047
2025-10-10,25571,25636.5,24400,24634.5,-902.25,-3.53%,1762,876
2025-10-09,25616,25644,25409.75,25536.75,-44.5,-0.17%,554,765
2025-10-08,25318,25614.5,25274.75,25581.25,295.5,+1.17%,437,782
2025-10-07,25442,25523,25235.75,25285.75,-148.75,-0.58%,421,748
2025-10-06,25253.25,25501.5,25253,25434.5,194.75,+0.77%,367,726
2025-10-03,25331.5,25436.75,25176.25,25239.75,-119.25,-0.47%,509,692
2025-10-02,25263.5,25428.5,25243.75,25359,93.5,+0.37%,436,709
2025-10-01,25098,25282,24885.5,25265.5,112.75,+0.45%,381,678
2025-09-30,25074.5,25164,24975.75,25152.75,62.75,+0.25%,450,664
2025-09-29,24993.75,25226,24993.75,25090,111.75,+0.45%,450,682
2025-09-26,24900,24996.75,24771.75,24978.25,99,+0.40%,468,565
2025-09-25,24991.5,25038.5,24670.5,24879.25,-108.75,-0.44%,751,570
2025-09-24,25103.25,25160.5,24877.75,24988,-88.25,-0.35%,412,493
2025-09-23,25240,25273.5,25031.5,25076.25,-177.25,-0.70%,397,467
2025-09-22,25094.5,25275.5,24993.25,25253.5,145.25,+0.58%,195,451
2025-09-19,24955,25125.25,24897,25108.25,162,+0.65%,337,433
2025-09-18,24738.5,25050,24738.5,24946.25,244.5,+0.99%,220,342
2025-09-17,24784,24786.75,24488,24701.75,-60.25,-0.24%,138,278
2025-09-16,24773,24880.5,24741.75,24762,-26.25,-0.11%,63,260
2025-09-15,24585,24793,24557,24788.25,202,+0.82%,109,231
2025-09-12,24506.75,24621.25,24442.75,24586.25,100.25,+0.41%,15,163
2025-09-11,24354.25,24504.5,24339.5,24486,139.5,+0.57%,57,168
2025-09-10,24369.25,24484.5,24259.25,24346.5,2.75,+0.01%,24,133
2025-09-09,24268.25,24363.25,24202.25,24343.75,75,+0.31%,16,131
2025-09-08,24296,24343.25,24123.75,24268.75,117.5,+0.49%,24,131
2025-09-05,24198.75,24361.75,23976.5,24151.25,11.25,+0.05%,37,135
2025-09-04,24065.5,24159.5,23890.5,24140,221.75,+0.93%,5,128
2025-09-03,23865.5,23987,23803.5,23918.25,175.75,+0.74%,9,128
2025-09-02,24020,24020.25,23502.75,23742.5,-189.5,-0.79%,17,124
2025-08-29,23940,23940,23873,23932,-311.75,-1.29%,3,121
2025-08-28,24060,24261.5,23970,24243.75,143.25,+0.59%,11,121
2025-08-27,24090,24147.25,23923,24100.5,35.25,+0.15%,17,124
2025-08-26,23975,24075,23855.25,24065.25,93.25,+0.39%,2,122
2025-08-25,23937,24075,23927.75,23972,-71.5,-0.30%,1,122
2025-08-22,24000,24107.25,23561,24043.5,349.25,+1.47%,20,121
2025-08-21,23694.25,23826.5,23602,23694.25,-105.5,-0.44%,0,121
2025-08-20,23900,23900,23519.75,23799.75,-145.25,-0.61%,18,121
2025-08-19,23945,24307,23913.5,23945,-331.75,-1.37%,0,110
2025-08-18,24227,24343.5,24214,24276.75,-6.25,-0.03%,10,110
2025-08-15,24260,24423,24227.5,24283,-129.75,-0.53%,7,115
2025-08-14,24305,24466.5,24281.75,24412.75,-13.75,-0.06%,5,116
2025-08-13,24495,24528.75,24374,24426.5,8.5,+0.03%,2,113
2025-08-12,24111.75,24418,24087.5,24418,305.5,+1.27%,10,112
2025-08-11,24112.5,24264.5,24081,24112.5,-76.5,-0.32%,2,109
2025-08-08,24185,24219.25,24185,24189,231,+0.96%,1,108
2025-08-07,24100,24129,23819.25,23958,65,+0.27%,3,108
2025-08-06,23670,23897.25,23537.75,23893,291,+1.23%,5,106
2025-08-05,23671.75,23853.5,23580.5,23602,-160.25,-0.67%,9,108
2025-08-04,23580.5,23796.25,23311.25,23762.25,409.25,+1.75%,11,106
2025-08-01,23618,23639,23269.5,23353,-500.25,-2.10%,121,105
2025-07-31,24254,24322.5,23799.25,23853.25,-107.75,-0.45%,20,80
2025-07-30,23972.75,24155.5,23858.75,23961,29.5,+0.12%,15,74
2025-07-29,24067,24124.25,23912.5,23931.5,-39.25,-0.16%,8,77
2025-07-28,23976.5,24056,23928,23970.75,71,+0.30%,1,77
2025-07-25,23899.75,23944.25,23819.5,23899.75,46.25,+0.19%,4,76
2025-07-24,23840.5,23890.25,23784.75,23853.5,68,+0.29%,3,75
2025-07-23,23752.5,23877.5,23634.25,23785.5,85,+0.36%,12,76
2025-07-22,23700.5,23825,23595,23700.5,-115.5,-0.48%,0,74
2025-07-21,23886.5,23894.5,23694,23816,118.5,+0.50%,6,74
2025-07-18,23783.5,23783.5,23648.25,23697.5,-26.5,-0.11%,7,69
2025-07-17,23725.5,23737.25,23499,23724,176.25,+0.75%,1,71
2025-07-16,23547.75,23555.25,23318.5,23547.75,19,+0.08%,0,71
2025-07-15,23614.75,23670.5,23477,23528.75,24.75,+0.11%,10,71
2025-07-14,23504,23510.25,23285.25,23504,77.5,+0.33%,0,76
2025-07-11,23426.5,23483,23330.5,23426.5,-54.,-0.23%,3,76
2025-07-10,23480.5,23534,23377,23480.5,-29.5,-0.13%,0,77
2025-07-09,23538.75,23560,23321,23510,157,+0.67%,21,77
2025-07-08,23353,23411.5,23281,23353,13,+0.06%,0,63
2025-07-07,23340,23340,23340,23340,-180.,-0.77%,0,63
2025-07-03,23368,23544.75,23367,23520,245,+1.05%,11,63
2025-07-02,23266.5,23284.75,23033,23275,153.25,+0.66%,17,60
2025-07-01,23121.75,23344.25,23046.25,23121.75,-203.,-0.87%,0,55
2025-06-30,23324.75,23362.75,23324.75,23324.75,143.5,+0.62%,0,55
2025-06-27,23181.25,23248.75,23050.25,23181.25,87.25,+0.38%,0,55
2025-06-26,23094,23113,23094,23094,215,+0.94%,0,55
2025-06-25,22879,22967.25,22879,22879,56,+0.25%,0,55
2025-06-24,22770.25,22865.5,22770.25,22823,350,+1.56%,36,55
2025-06-23,22473,22478.75,22057.25,22473,230,+1.03%,0,24
2025-06-20,22243,22555.5,22181.25,22243,-102.5,-0.46%,2,24
2025-06-18,22481,22481,22345.5,22345.5,-10.5,-0.05%,11,22
2025-06-17,22356,22356,22356,22356,-211.25,-0.94%,0,14
2025-06-16,22567.25,22612.25,22567.25,22567.25,307.25,+1.38%,0,14
2025-06-13,22260,22260,22260,22260,-298.25,-1.32%,0,14
2025-06-12,22558.25,22558.25,22558.25,22558.25,45.5,+0.20%,0,14
2025-06-11,22512.75,22512.75,22512.75,22512.75,-75.,-0.33%,0,14
2025-06-10,22587.75,22587.75,22587.75,22587.75,141,+0.63%,0,14
2025-06-09,22446.75,22446.75,22446.75,22446.75,32,+0.14%,0,14
2025-06-06,22414.75,22414.75,22414.75,22414.75,210.5,+0.95%,0,11
2025-06-05,22204.25,22204.25,22204.25,22204.25,-185.25,-0.83%,0,11
2025-06-04,22389.5,22389.5,22389.5,22389.5,61,+0.27%,0,11
2025-06-03,22328.5,22328.5,22328.5,22328.5,171.5,+0.77%,0,11
2025-06-02,22157,22157,22157,22157,157.5,+0.72%,0,11
2025-05-30,22020,22020,21999.5,21999.5,-32.,-0.15%,2,11
2025-05-29,22031.5,22291,22031.5,22031.5,29.5,+0.13%,0,11
2025-05-28,22002,22002,22002,22002,-80.,-0.36%,0,11
2025-05-27,22082,22082,22082,22082,490.25,+2.27%,0,11
2025-05-23,21591.75,21591.75,21533.5,21591.75,-208.,-0.95%,0,11
2025-05-22,21799.75,21799.75,21799.75,21799.75,22,+0.10%,2,11
2025-05-21,21980,22019.5,21777.75,21777.75,-294.,-1.33%,4,11
2025-05-20,22071.75,22071.75,22070,22071.75,-78.25,-0.35%,0,11
2025-05-19,22150,22150,21889.75,22150,23.5,+0.11%,5,11
2025-05-16,22126.5,22126.5,22126.5,22126.5,111,+0.50%,0,13
2025-05-15,22150,22150,21982.5,22015.5,12.75,+0.06%,1,13
2025-05-14,22002.75,22002.75,22002.75,22002.75,132.25,+0.60%,0,13
2025-05-13,21870.5,21870.5,21870.5,21870.5,334.75,+1.55%,0,13
2025-05-12,21468.5,21535.75,21468.5,21535.75,826.5,+3.99%,5,13
2025-05-09,20709.25,20709.25,20709.25,20709.25,-11.,-0.05%,0,15
2025-05-08,20720.25,20722,20720.25,20720.25,191.25,+0.93%,0,15
2025-05-07,20529,20529,20529,20529,85.5,+0.42%,0,15
2025-05-06,20443.5,20443.5,20432,20443.5,-182.,-0.88%,0,15
2025-05-05,20625.5,20625.5,20625.5,20625.5,-139.75,-0.67%,0,15
2025-05-02,20765.25,20765.25,20390,20765.25,331.25,+1.62%,4,15
2025-05-01,20434,20514,20434,20434,224,+1.11%,0,11
2025-04-30,20210,20270.25,19804.75,20210,10.25,+0.05%,0,11
2025-04-29,20199.75,20199.75,20026.5,20199.75,114,+0.57%,0,11
2025-04-28,20085.75,20085.75,19914,20085.75,-7.,-0.03%,0,11
2025-04-25,20092.75,20092.75,19866.75,20092.75,213,+1.07%,0,11
2025-04-24,19879.75,19879.75,19314.5,19879.75,524.25,+2.71%,0,11
2025-04-23,19355.5,19370,19355.5,19355.5,423.5,+2.24%,0,11
2025-04-22,18932,18932,18932,18932,464.25,+2.51%,0,11
2025-04-21,18467.75,18467.75,18340.5,18467.75,-466.75,-2.47%,0,11
2025-04-17,18934.5,18994.5,18934.5,18934.5,-2.5,-0.01%,0,11
2025-04-16,18968,18968,18803.5,18937,-581.5,-2.98%,1,11
2025-04-15,19518.5,19562.25,19493,19518.5,23,+0.12%,0,10
2025-04-14,19469,19670.75,19433.5,19495.5,131.25,+0.68%,1,10
2025-04-11,19364.25,19364.25,18761.75,19364.25,328,+1.72%,0,9
2025-04-10,19036.25,19036.25,18734.5,19036.25,-822.5,-4.14%,0,9
2025-04-09,19428,19858.75,17438.25,19858.75,2082.75,+11.72%,2,9
2025-04-08,17776,17776,17667.25,17776,-340.,-1.88%,0,9
2025-04-07,18116,18116,17151,18116,26,+0.14%,0,9
2025-04-04,18428,18428,18090,18090,-1152.,-5.99%,2,9
2025-04-03,19242,19242,19242,19242,-1096.,-5.39%,0,7
2025-04-02,20338,20338,20000,20338,161,+0.80%,0,7
2025-04-01,20177,20177,20177,20177,113.5,+0.57%,0,7
2025-03-31,20063.5,20063.5,20063.5,20063.5,-13.5,-0.07%,0,7
2025-03-28,20077,20077,20077,20077,-546.,-2.65%,0,7
2025-03-27,20623,20623,20623,20623,-128.,-0.62%,0,7
2025-03-26,20751,20751,20751,20751,-372.5,-1.76%,0,7
2025-03-25,21123.5,21123.5,21123.5,21123.5,114.25,+0.54%,0,7
2025-03-24,21009.25,21009.25,21009.25,21009.25,416.5,+2.02%,0,7
2025-03-21,20592.75,20592.75,20421,20592.75,80,+0.39%,0,7
2025-03-20,20512.75,20595,20512.75,20512.75,-69.5,-0.34%,0,7
2025-03-19,20582.25,20653,20582.25,20582.25,249.75,+1.23%,0,7
2025-03-18,20332.5,20332.5,20316.5,20332.5,-341.,-1.65%,0,7
2025-03-17,20673.5,20700.75,20673.5,20673.5,161,+0.78%,0,7
2025-03-14,20512.5,20512.5,20512.5,20512.5,470,+2.35%,0,7
2025-03-13,20042.5,20042.5,20042.5,20042.5,-372.,-1.82%,0,7
2025-03-12,20414.5,20414.5,20414.5,20414.5,161.25,+0.80%,0,7
2025-03-11,20279,20331,20119.5,20253.25,-51.75,-0.25%,7,7
2025-03-10,20305,20305,20251.5,20305,-795.75,-3.77%,0,0
2025-03-07,21100.75,21100.75,20781.75,21100.75,140,+0.67%,0,0
2025-03-06,20960.75,20960.75,20960.75,20960.75,-587.75,-2.73%,0,0
2025-03-05,21548.5,21548.5,21548.5,21548.5,268.5,+1.26%,0,0
2025-03-04,21280,21280,21280,21280,-73.75,-0.35%,0,0
2025-03-03,21353.75,21353.75,21353.75,21353.75,-455.75,-2.09%,0,0
2025-02-28,21809.5,21809.5,21809.5,21809.5,309.25,+1.44%,0,0
2025-02-27,21500.25,22107,21500.25,21500.25,-591.5,-2.68%,0,0
2025-02-26,22091.75,22138,22091.75,22091.75,37.5,+0.17%,0,0
2025-02-25,22054.25,22054.25,22053.5,22054.25,-273.75,-1.23%,0,0
2025-02-24,22328,22328,22328,22328,-258.25,-1.14%,0,0
2025-02-21,22586.25,22586.25,22586.25,22586.25,-468.75,-2.03%,0,0
2025-02-20,23055,23055,23019,23055,-110.75,-0.48%,0,0
2025-02-19,23165.75,23165.75,23165.75,23165.75,18.75,+0.08%,0,0
2025-02-18,23147,23147,23147,23147,35.5,+0.15%,0,0
2025-02-14,23111.5,23111.5,23111.5,23111.5,85.75,+0.37%,0,0
2025-02-13,23025.75,23025.75,23025.75,23025.75,310,+1.36%,0,0
2025-02-12,22715.75,22715.75,22585.25,22715.75,18.25,+0.08%,0,0
2025-02-11,22697.5,22697.5,22697.5,22697.5,-60.5,-0.27%,0,0
2025-02-10,22758,22758,22758,22758,258,+1.15%,0,0
2025-02-07,22500,22500,22500,22500,-281.75,-1.24%,0,0
2025-02-06,22781.75,22781.75,22781.75,22781.75,108.75,+0.48%,0,0
2025-02-05,22673,22673,22566.75,22673,94.25,+0.42%,0,0
2025-02-04,22578.75,22578.75,22578.75,22578.75,268.5,+1.20%,0,0
2025-02-03,22310.25,22310.25,22043.5,22310.25,-186.25,-0.83%,0,0
2025-01-31,22496.5,22689.25,22496.5,22496.5,-34.,-0.15%,0,0
2025-01-30,22530.5,22530.5,22530.5,22530.5,102,+0.45%,0,0
2025-01-29,22428.5,22428.5,22428.5,22428.5,-56.75,-0.25%,0,0
2025-01-28,22485.25,22485.25,22485.25,22485.25,323.25,+1.46%,0,0
2025-01-27,22162,22162,22162,22162,-658.75,-2.89%,0,0
2025-01-24,22820.75,22820.75,22820.75,22820.75,-127.5,-0.56%,0,0
2025-01-23,22948.25,22948.25,22948.25,22948.25,37.25,+0.16%,0,0
2025-01-22,22911,22911,22911,22911,299.75,+1.33%,0,0
2025-01-21,22611.25,22611.25,22611.25,22611.25,115.75,+0.51%,0,0
2025-01-17,22495.5,22495.5,22495.5,22495.5,345.25,+1.56%,0,0
2025-01-16,22150.25,22150.25,22150.25,22150.25,-151.5,-0.68%,0,0
2025-01-15,22301.75,22301.75,22301.75,22301.75,483.75,+2.22%,0,0
2025-01-14,21818,21859.25,21818,21818,-28.25,-0.13%,0,0
2025-01-13,21846.25,21846.25,21777,21846.25,-68.5,-0.31%,0,0
2025-01-10,21914.75,21914.75,21914.75,21914.75,-345.25,-1.55%,0,0
2025-01-09,22260,22260,22227,22260,0,0.00%,0,0
2025-01-08,22260,22260,22227,22260,-1.,0.00%,0,0
2025-01-07,22261,22261,22261,22261,-385.,-1.70%,0,0
2025-01-06,22646,22646,22646,22646,267.5,+1.20%,0,0
2025-01-03,22378.5,22378.5,22378.5,22378.5,355.5,+1.61%,0,0
2025-01-02,22023,22153.25,22023,22023,-61.,-0.28%,0,0
"Downloaded from Barchart.com as of 03-05-2026 06:11am CST"
