Time,Open,High,Low,Latest,Change,%Change,Volume
"2026-03-04 12:00",6872.75,6881.57,6861.37,6880,7.27,+0.11%,0
"2026-03-04 08:00",6831.69,6880.38,6811.64,6872.73,56.1,+0.82%,0
"2026-03-03 16:00",6816.35,6816.78,6816.35,6816.63,0.04,0.00%,0
"2026-03-03 12:00",6789.89,6840.05,6776.45,6816.59,26.62,+0.39%,0
"2026-03-03 08:00",6800.26,6800.26,6710.42,6789.97,-91.65,-1.33%,0
"2026-03-02 16:00",6879.42,6881.62,6879.42,6881.62,1.57,+0.02%,0
"2026-03-02 12:00",6878.11,6901.01,6864.78,6880.05,1.9,+0.03%,0
"2026-03-02 08:00",6824.36,6884.65,6796.85,6878.15,-0.73,-0.01%,0
"2026-02-27 16:00",6878.41,6878.91,6878.37,6878.88,0.84,+0.01%,0
"2026-02-27 12:00",6863.76,6882.96,6845.6,6878.04,14.14,+0.21%,0
"2026-02-27 08:00",6856.54,6877.38,6831.74,6863.9,-44.96,-0.65%,0
"2026-02-26 16:00",6909.24,6909.24,6908.85,6908.86,-0.15,0.00%,0
"2026-02-26 12:00",6877.97,6913.71,6864.14,6909.01,31.19,+0.45%,0
"2026-02-26 08:00",6944.74,6947.25,6859.73,6877.82,-68.31,-0.98%,0
"2026-02-25 16:00",6946.53,6946.61,6946.12,6946.13,-0.76,-0.01%,0
"2026-02-25 12:00",6937.24,6952.51,6935.25,6946.89,9.66,+0.14%,0
"2026-02-25 08:00",6915.15,6940.44,6915.15,6937.23,47.16,+0.68%,0
"2026-02-24 16:00",6890.05,6890.45,6890.05,6890.07,-0.97,-0.01%,0
"2026-02-24 12:00",6880.61,6899.17,6880.27,6891.04,10.17,+0.15%,0
"2026-02-24 08:00",6837.37,6884.68,6815.43,6880.87,43.12,+0.63%,0
"2026-02-23 16:00",6839.2,6839.2,6837.75,6837.75,-1.84,-0.03%,0
"2026-02-23 12:00",6835.94,6855.55,6821.78,6839.59,3.74,+0.05%,0
"2026-02-23 08:00",6901.25,6916.96,6819.82,6835.85,-73.66,-1.07%,0
"2026-02-20 16:00",6910.07,6910.07,6909.5,6909.51,-0.71,-0.01%,0
"2026-02-20 12:00",6902.26,6915.86,6858.51,6910.22,8.17,+0.12%,0
"2026-02-20 08:00",6843.26,6909.87,6836.33,6902.05,40.16,+0.59%,0
"2026-02-19 16:00",6861.94,6861.94,6861.85,6861.89,0.24,0.00%,0
"2026-02-19 12:00",6852.52,6864.05,6833.06,6861.65,9.1,+0.13%,0
"2026-02-19 08:00",6861.34,6879.12,6842.82,6852.55,-28.76,-0.42%,0
"2026-02-18 16:00",6880.27,6881.32,6880.27,6881.31,1.65,+0.02%,0
"2026-02-18 12:00",6893.91,6909.12,6857.45,6879.66,-14.15,-0.21%,0
"2026-02-18 08:00",6855.48,6907.85,6849.66,6893.81,50.59,+0.74%,0
"2026-02-17 16:00",6843.51,6844.11,6843.22,6843.22,-2.81,-0.04%,0
"2026-02-17 12:00",6842.73,6866.99,6809.67,6846.03,3.29,+0.05%,0
"2026-02-17 08:00",6819.86,6849.56,6775.5,6842.74,6.57,+0.10%,0
"2026-02-13 16:00",6835.71,6836.17,6835.71,6836.17,1.09,+0.02%,0
"2026-02-13 12:00",6866.45,6881.96,6817.63,6835.08,-31.77,-0.46%,0
"2026-02-13 08:00",6834.27,6873.75,6794.55,6866.85,34.09,+0.50%,0
"2026-02-12 16:00",6832.64,6832.77,6832.62,6832.76,-0.78,-0.01%,0
"2026-02-12 12:00",6866.02,6879.13,6824.04,6833.54,-32.82,-0.48%,0
"2026-02-12 08:00",6957.54,6973.22,6854.94,6866.36,-75.11,-1.08%,0
"2026-02-11 16:00",6940.19,6941.47,6940.19,6941.47,1.79,+0.03%,0
"2026-02-11 12:00",6941.12,6960.28,6934.69,6939.68,-1.47,-0.02%,0
"2026-02-11 08:00",6976.48,6993.48,6911.97,6941.15,-0.66,-0.01%,0
"2026-02-10 16:00",6942.07,6942.07,6941.33,6941.81,1.8,+0.03%,0
"2026-02-10 12:00",6968.4,6979.06,6937.53,6940.01,-28.31,-0.41%,0
"2026-02-10 08:00",6974.49,6986.83,6956.78,6968.32,3.5,+0.05%,0
"2026-02-09 16:00",6962.69,6964.82,6962.69,6964.82,1.65,+0.02%,0
"2026-02-09 12:00",6975.68,6980.1,6958.24,6963.17,-12.39,-0.18%,0
"2026-02-09 08:00",6917.26,6978.17,6905.87,6975.56,43.26,+0.62%,0
"2026-02-06 16:00",6930.54,6932.3,6930.54,6932.3,2.03,+0.03%,0
"2026-02-06 12:00",6896.38,6944.89,6893.96,6930.27,33.93,+0.49%,0
"2026-02-06 08:00",6816.74,6902.12,6816.74,6896.34,97.94,+1.44%,0
"2026-02-05 16:00",6797.54,6798.4,6797.54,6798.4,-1.59,-0.02%,0
"2026-02-05 12:00",6834.55,6847.57,6783.67,6799.99,-34.7,-0.51%,0
"2026-02-05 08:00",6837.39,6857.85,6780.13,6834.69,-48.03,-0.70%,0
"2026-02-04 16:00",6882.22,6882.75,6882.22,6882.72,-0.04,0.00%,0
"2026-02-04 12:00",6887.58,6906.56,6838.8,6882.76,-4.95,-0.07%,0
"2026-02-04 08:00",6924.5,6936.09,6864.83,6887.71,-30.1,-0.44%,0
"2026-02-03 16:00",6917.38,6917.81,6917.38,6917.81,0.41,+0.01%,0
"2026-02-03 12:00",6928.12,6928.86,6862.05,6917.4,-10.65,-0.15%,0
"2026-02-03 08:00",6985.45,6993.08,6924.76,6928.05,-48.39,-0.69%,0
"2026-02-02 16:00",6976.78,6976.91,6976.44,6976.44,0.21,0.00%,0
"2026-02-02 12:00",6979.82,6991.92,6972.69,6976.23,-3.54,-0.05%,0
"2026-02-02 08:00",6916.64,6980.82,6914.34,6979.77,40.74,+0.59%,0
"2026-01-30 16:00",6938.98,6939.88,6938.98,6939.03,1.53,+0.02%,0
"2026-01-30 12:00",6929.23,6949.72,6893.48,6937.5,8.26,+0.12%,0
"2026-01-30 08:00",6947.27,6964.09,6925.11,6929.24,-39.77,-0.57%,0
"2026-01-29 16:00",6967.41,6969.01,6967.41,6969.01,2.74,+0.04%,0
"2026-01-29 12:00",6909.69,6971.09,6909.59,6966.27,56.73,+0.82%,0
"2026-01-29 08:00",6977.74,6992.84,6870.8,6909.54,-68.49,-0.98%,0
"2026-01-28 16:00",6976.87,6978.06,6976.87,6978.03,1.75,+0.03%,0
"2026-01-28 12:00",6970.14,6985.54,6963.46,6976.28,6.22,+0.09%,0
"2026-01-28 08:00",7002,7002.28,6968.23,6970.06,-8.54,-0.12%,0
"2026-01-27 16:00",6978.77,6978.77,6978.53,6978.6,0.02,0.00%,0
"2026-01-27 12:00",6983.86,6987.63,6972.74,6978.58,-5.37,-0.08%,0
"2026-01-27 08:00",6965.96,6988.82,6958.83,6983.95,33.72,+0.49%,0
"2026-01-26 16:00",6949.77,6950.3,6949.77,6950.23,0.08,0.00%,0
"2026-01-26 12:00",6954.69,6964.66,6949.54,6950.15,-4.46,-0.06%,0
"2026-01-26 08:00",6923.23,6957.46,6921.6,6954.61,39,+0.56%,0
"2026-01-23 16:00",6915.1,6915.62,6915.1,6915.61,0.45,+0.01%,0
"2026-01-23 12:00",6920.52,6926.26,6901.03,6915.16,-5.43,-0.08%,0
"2026-01-23 08:00",6907.85,6932.96,6895.5,6920.59,7.24,+0.10%,0
"2026-01-22 16:00",6913.44,6913.44,6913.34,6913.35,0.81,+0.01%,0
"2026-01-22 12:00",6921.08,6934.75,6899.9,6912.54,-8.7,-0.13%,0
"2026-01-22 08:00",6914.44,6930.43,6893.62,6921.24,45.62,+0.66%,0
"2026-01-21 16:00",6876.08,6876.08,6875.62,6875.62,0.14,0.00%,0
"2026-01-21 12:00",6824.12,6910.39,6804.96,6875.48,51.2,+0.75%,0
"2026-01-21 08:00",6810.71,6874.89,6810.71,6824.28,27.42,+0.40%,0
"2026-01-20 16:00",6798.48,6798.48,6796.86,6796.86,0.1,0.00%,0
"2026-01-20 12:00",6860.6,6862.31,6789.05,6796.76,-63.95,-0.93%,0
"2026-01-20 08:00",6865.24,6871.17,6833.29,6860.71,-79.3,-1.14%,0
"2026-01-16 16:00",6939.58,6940.18,6939.58,6940.01,0.55,+0.01%,0
"2026-01-16 12:00",6950.54,6960.5,6939.23,6939.46,-11.09,-0.16%,0
"2026-01-16 08:00",6960.54,6967.3,6925.09,6950.55,6.08,+0.09%,0
"2026-01-15 16:00",6945.28,6945.28,6944.47,6944.47,-0.5,-0.01%,0
"2026-01-15 12:00",6975.47,6979.34,6937.93,6944.97,-30.5,-0.44%,0
"2026-01-15 08:00",6969.46,6978.2,6955.46,6975.47,48.87,+0.71%,0
"2026-01-14 16:00",6927.63,6927.63,6926.6,6926.6,-1.81,-0.03%,0
"2026-01-14 12:00",6890.08,6928.41,6886.37,6928.41,38.32,+0.56%,0
"2026-01-14 08:00",6937.41,6941.3,6885.74,6890.09,-73.65,-1.06%,0
"2026-01-13 16:00",6963.3,6963.74,6963.16,6963.74,0.76,+0.01%,0
"2026-01-13 12:00",6973.93,6976.58,6938.77,6962.98,-10.96,-0.16%,0
"2026-01-13 08:00",6977.41,6985.83,6945.69,6973.94,-3.33,-0.05%,0
"2026-01-12 16:00",6976.63,6977.32,6976.63,6977.27,0.55,+0.01%,0
"2026-01-12 12:00",6971.09,6986.33,6966.43,6976.72,5.59,+0.08%,0
"2026-01-12 08:00",6944.12,6974.34,6934.07,6971.13,4.85,+0.07%,0
"2026-01-09 16:00",6965.73,6966.28,6965.73,6966.28,0.29,0.00%,0
"2026-01-09 12:00",6964.12,6978.36,6959.68,6965.99,1.71,+0.02%,0
"2026-01-09 08:00",6927.83,6965.89,6917.64,6964.28,42.82,+0.62%,0
"2026-01-08 16:00",6920.82,6921.46,6920.75,6921.46,0.36,+0.01%,0
"2026-01-08 12:00",6924.45,6931.28,6908.46,6921.1,-3.57,-0.05%,0
"2026-01-08 08:00",6914.11,6925.95,6899.33,6924.67,3.74,+0.05%,0
"2026-01-07 16:00",6921.18,6921.18,6920.9,6920.93,-0.6,-0.01%,0
"2026-01-07 12:00",6960.88,6965.69,6919.19,6921.53,-39.35,-0.57%,0
"2026-01-07 08:00",6945.07,6961.88,6936.58,6960.88,16.06,+0.23%,0
"2026-01-06 16:00",6944.43,6944.97,6944.43,6944.82,0.3,0.00%,0
"2026-01-06 12:00",6920.47,6948.69,6917.36,6944.52,24.04,+0.35%,0
"2026-01-06 08:00",6908.03,6934.6,6904.02,6920.48,18.43,+0.27%,0
"2026-01-05 16:00",6902.63,6902.63,6902.05,6902.05,-0.69,-0.01%,0
"2026-01-05 12:00",6915.16,6918.03,6897.74,6902.74,-12.35,-0.18%,0
"2026-01-05 08:00",6892.19,6920.38,6891.56,6915.09,56.62,+0.83%,0
"2026-01-02 16:00",6858.02,6858.48,6858.02,6858.47,-0.07,0.00%,0
"2026-01-02 12:00",6837.28,6865.2,6824.31,6858.54,21.28,+0.31%,0
"2026-01-02 08:00",6878.11,6894.87,6828.99,6837.26,-8.24,-0.12%,0
"2025-12-31 16:00",6845.1,6845.87,6845.1,6845.5,-0.27,0.00%,0
"2025-12-31 12:00",6880.63,6889.31,6844.55,6845.77,-34.88,-0.51%,0
"2025-12-31 08:00",6898.82,6901.42,6868.98,6880.65,-15.59,-0.23%,0
"2025-12-30 16:00",6896.23,6896.8,6896.23,6896.24,-0.21,0.00%,0
"2025-12-30 12:00",6900.15,6906.88,6895.18,6896.45,-3.87,-0.06%,0
"2025-12-30 08:00",6900.44,6913.25,6893.47,6900.32,-5.42,-0.08%,0
"2025-12-29 16:00",6905.9,6906.1,6905.74,6905.74,-1.22,-0.02%,0
"2025-12-29 12:00",6898.54,6913.71,6888.76,6906.96,8.37,+0.12%,0
"2025-12-29 08:00",6903.6,6920.21,6894.83,6898.59,-31.35,-0.45%,0
"2025-12-26 16:00",6929.83,6930.48,6929.83,6929.94,-0.58,-0.01%,0
"2025-12-26 12:00",6928.46,6932.91,6921.6,6930.52,1.96,+0.03%,0
"2025-12-26 08:00",6936.02,6945.77,6925.4,6928.56,-3.49,-0.05%,0
"2025-12-24 12:00",6932.74,6937.32,6930.28,6932.05,-0.74,-0.01%,0
"2025-12-24 08:00",6904.91,6934.13,6904.91,6932.79,23,+0.33%,0
"2025-12-23 16:00",6909.42,6909.79,6909.4,6909.79,0.77,+0.01%,0
"2025-12-23 12:00",6898.37,6910.88,6896.23,6909.02,10.64,+0.15%,0
"2025-12-23 08:00",6872.41,6899.2,6868.81,6898.38,19.89,+0.29%,0
"2025-12-22 16:00",6877.4,6878.49,6877.4,6878.49,2,+0.03%,0
"2025-12-22 12:00",6877.78,6882.03,6870.6,6876.49,-1.18,-0.02%,0
"2025-12-22 08:00",6865.21,6878.23,6855.74,6877.67,43.17,+0.63%,0
"2025-12-19 16:00",6835.91,6835.91,6834.34,6834.5,-0.2,0.00%,0
"2025-12-19 12:00",6826.25,6840.02,6825.28,6834.7,8.51,+0.12%,0
"2025-12-19 08:00",6792.62,6833.82,6792.62,6826.19,51.43,+0.76%,0
"2025-12-18 16:00",6773.91,6774.8,6773.91,6774.76,0.41,+0.01%,0
"2025-12-18 12:00",6804.99,6805.78,6758.5,6774.35,-30.65,-0.45%,0
"2025-12-18 08:00",6778.06,6816.13,6765.8,6805,83.57,+1.24%,0
"2025-12-17 16:00",6720.95,6721.75,6720.95,6721.43,-0.79,-0.01%,0
"2025-12-17 12:00",6750.46,6758.84,6720.43,6722.22,-28.41,-0.42%,0
"2025-12-17 08:00",6802.88,6812.26,6739.61,6750.63,-49.63,-0.73%,0
"2025-12-16 16:00",6798.33,6800.26,6798.33,6800.26,1.75,+0.03%,0
"2025-12-16 12:00",6792.2,6814.71,6759.74,6798.51,6.6,+0.10%,0
"2025-12-16 08:00",6800.12,6819.27,6773.23,6791.91,-24.6,-0.36%,0
"2025-12-15 16:00",6816.11,6816.54,6816.11,6816.51,0.17,0.00%,0
"2025-12-15 12:00",6818.1,6826.61,6803.53,6816.34,-1.66,-0.02%,0
"2025-12-15 08:00",6860.19,6861.59,6801.49,6818,-9.41,-0.14%,0
"2025-12-12 16:00",6827.63,6827.7,6827.38,6827.41,-0.48,-0.01%,0
"2025-12-12 12:00",6815.98,6853.89,6811.3,6827.89,12.62,+0.19%,0
"2025-12-12 08:00",6886.85,6899.85,6801.79,6815.27,-85.73,-1.24%,0
"2025-12-11 16:00",6902.19,6902.19,6900.99,6901,-1.1,-0.02%,0
"2025-12-11 12:00",6865.98,6903.46,6865.43,6902.1,36.15,+0.53%,0
"2025-12-11 08:00",6861.3,6880.77,6833.45,6865.95,-20.73,-0.30%,0
"2025-12-10 16:00",6886.26,6886.96,6886.26,6886.68,-0.27,0.00%,0
"2025-12-10 12:00",6847.16,6900.67,6835.94,6886.95,39.88,+0.58%,0
"2025-12-10 08:00",6833.49,6849.59,6824.69,6847.07,6.56,+0.10%,0
"2025-12-09 16:00",6841.05,6841.05,6840.51,6840.51,0.19,0.00%,0
"2025-12-09 12:00",6861.11,6864.63,6837.43,6840.32,-21.13,-0.31%,0
"2025-12-09 08:00",6840.61,6864.92,6840.17,6861.45,14.94,+0.22%,0
"2025-12-08 16:00",6847.67,6847.67,6846.51,6846.51,-1.33,-0.02%,0
"2025-12-08 12:00",6845.45,6856.04,6827.19,6847.84,2.42,+0.04%,0
"2025-12-08 08:00",6875.2,6878.27,6841.14,6845.42,-24.98,-0.36%,0
"2025-12-05 16:00",6869.45,6870.4,6869.45,6870.4,1.33,+0.02%,0
"2025-12-05 12:00",6872.41,6881.29,6858.29,6869.07,-3.35,-0.05%,0
"2025-12-05 08:00",6866.32,6895.78,6862.89,6872.42,15.3,+0.22%,0
"2025-12-04 16:00",6857.54,6857.54,6856.92,6857.12,-0.84,-0.01%,0
"2025-12-04 12:00",6856.82,6860.39,6827.12,6857.96,0.72,+0.01%,0
"2025-12-04 08:00",6866.47,6866.47,6835.17,6857.24,7.52,+0.11%,0
"2025-12-03 16:00",6850.64,6850.64,6849.72,6849.72,-0.79,-0.01%,0
"2025-12-03 12:00",6835.51,6862.42,6834.38,6850.51,14.97,+0.22%,0
"2025-12-03 08:00",6815.29,6848.48,6810.43,6835.54,6.17,+0.09%,0
"2025-12-02 16:00",6828.68,6829.38,6828.68,6829.37,1.54,+0.02%,0
"2025-12-02 12:00",6819.26,6841.97,6813.54,6827.83,8.44,+0.12%,0
"2025-12-02 08:00",6830.96,6851.55,6806.71,6819.39,6.76,+0.10%,0
"2025-12-01 16:00",6815.09,6815.09,6812.63,6812.63,-2.02,-0.03%,0
"2025-12-01 12:00",6833.01,6843.65,6807.02,6814.65,-18.35,-0.27%,0
"2025-12-01 08:00",6812.3,6837.94,6799.94,6833,-16.09,-0.23%,0
"2025-11-28 12:00",6842.43,6850.86,6833.4,6849.09,6.6,+0.10%,0
"2025-11-28 08:00",6822.52,6844.53,6819.75,6842.49,29.88,+0.44%,0
"2025-11-26 16:00",6811.6,6812.63,6811.6,6812.61,0.85,+0.01%,0
"2025-11-26 12:00",6828.1,6830.69,6810.92,6811.76,-16.32,-0.24%,0
"2025-11-26 08:00",6793.55,6831.44,6783.87,6828.08,62.2,+0.92%,0
"2025-11-25 16:00",6765.43,6765.89,6765.43,6765.88,-0.22,0.00%,0
"2025-11-25 12:00",6732.06,6776.4,6732.05,6766.1,33.97,+0.50%,0
"2025-11-25 08:00",6697.03,6734.36,6659.98,6732.13,27.01,+0.40%,0
"2025-11-24 16:00",6704.1,6705.12,6703.99,6705.12,0.45,+0.01%,0
"2025-11-24 12:00",6689.13,6715.75,6684.36,6704.67,15.58,+0.23%,0
"2025-11-24 08:00",6636.54,6699.08,6630.7,6689.09,86.1,+1.30%,0
"2025-11-21 16:00",6603.65,6603.65,6602.96,6602.99,-0.81,-0.01%,0
"2025-11-21 12:00",6621.17,6660.05,6583.68,6603.8,-17.28,-0.26%,0
"2025-11-21 08:00",6555.77,6621.77,6521.92,6621.08,82.32,+1.26%,0
"2025-11-20 16:00",6540.18,6540.18,6538.76,6538.76,-0.42,-0.01%,0
"2025-11-20 12:00",6616.76,6637.55,6534.05,6539.18,-77.84,-1.18%,0
"2025-11-20 08:00",6737.93,6770.35,6609.81,6617.02,-25.14,-0.38%,0
"2025-11-19 16:00",6642.69,6642.69,6642.04,6642.16,-0.77,-0.01%,0
"2025-11-19 12:00",6640.69,6663.29,6603.5,6642.93,1.97,+0.03%,0
"2025-11-19 08:00",6625.84,6689.75,6618.48,6640.96,23.64,+0.36%,0
"2025-11-18 16:00",6616.87,6617.59,6616.87,6617.32,0.38,+0.01%,0
"2025-11-18 12:00",6628.01,6666.63,6595.67,6616.94,-11.31,-0.17%,0
"2025-11-18 08:00",6641.19,6656.69,6574.32,6628.25,-44.16,-0.66%,0
"2025-11-17 16:00",6673.54,6673.54,6672.39,6672.41,-0.5,-0.01%,0
"2025-11-17 12:00",6746.1,6746.38,6638.9,6672.91,-72.98,-1.08%,0
"2025-11-17 08:00",6713.61,6754.5,6695.26,6745.89,11.78,+0.17%,0
"2025-11-14 16:00",6735.37,6735.37,6734.11,6734.11,-0.99,-0.01%,0
"2025-11-14 12:00",6764.93,6774.31,6729.17,6735.1,-29.71,-0.44%,0
"2025-11-14 08:00",6672.14,6767.78,6646.87,6764.81,27.32,+0.41%,0
"2025-11-13 16:00",6738.73,6738.73,6737.49,6737.49,-1.03,-0.02%,0
"2025-11-13 12:00",6770.75,6783.33,6724.72,6738.52,-32.38,-0.48%,0
"2025-11-13 08:00",6826.47,6828.05,6761.27,6770.9,-80.02,-1.17%,0
"2025-11-12 16:00",6852.03,6852.03,6850.91,6850.92,-1.08,-0.02%,0
"2025-11-12 12:00",6837.23,6861.2,6835.53,6852,14.74,+0.22%,0
"2025-11-12 08:00",6867.77,6869.91,6829.62,6837.26,-9.35,-0.14%,0
"2025-11-11 16:00",6847.55,6847.55,6846.61,6846.61,-1.48,-0.02%,0
"2025-11-11 12:00",6817.07,6855.13,6816.73,6848.09,30.99,+0.45%,0
"2025-11-11 08:00",6815.64,6828.65,6806.87,6817.1,-15.33,-0.22%,0
"2025-11-10 16:00",6832.28,6832.71,6832.28,6832.43,0.61,+0.01%,0
"2025-11-10 12:00",6786.24,6841.32,6784.53,6831.82,45.53,+0.67%,0
"2025-11-10 08:00",6785.36,6812.79,6770.56,6786.29,57.49,+0.85%,0
"2025-11-07 16:00",6729.2,6729.2,6728.8,6728.8,-0.22,0.00%,0
"2025-11-07 12:00",6639.17,6730.11,6631.44,6729.02,89.72,+1.35%,0
"2025-11-07 08:00",6696.18,6696.18,6633.1,6639.3,-81.02,-1.21%,0
"2025-11-06 16:00",6721.11,6721.21,6720.32,6720.32,-1.4,-0.02%,0
"2025-11-06 12:00",6712.32,6757.63,6707.51,6721.72,9.4,+0.14%,0
"2025-11-06 08:00",6787.59,6796.68,6710.34,6712.32,-83.97,-1.24%,0
"2025-11-05 16:00",6795.94,6796.63,6795.94,6796.29,0.34,+0.01%,0
"2025-11-05 12:00",6815.25,6829.78,6794.94,6795.95,-19.2,-0.28%,0
"2025-11-05 08:00",6769.77,6818.48,6763.11,6815.15,43.6,+0.64%,0
"2025-11-04 16:00",6772.23,6772.23,6771.54,6771.55,-0.85,-0.01%,0
"2025-11-04 12:00",6802.48,6802.67,6766.76,6772.4,-30.11,-0.44%,0
"2025-11-04 08:00",6788.52,6820.21,6766.71,6802.51,-49.46,-0.72%,0
"2025-11-03 16:00",6853.45,6853.45,6851.97,6851.97,-0.06,0.00%,0
"2025-11-03 12:00",6856.04,6863.36,6845.63,6852.03,-4.1,-0.06%,0
"2025-11-03 08:00",6882.32,6882.32,6820.62,6856.13,15.93,+0.23%,0
"2025-10-31 16:00",6839.87,6840.46,6839.87,6840.2,-0.03,0.00%,0
"2025-10-31 12:00",6843.36,6869.01,6814.26,6840.23,-3.6,-0.05%,0
"2025-10-31 08:00",6879.17,6879.17,6843.39,6843.83,21.49,+0.31%,0
"2025-10-30 16:00",6821.76,6822.36,6821.76,6822.34,-0.09,0.00%,0
"2025-10-30 12:00",6855.66,6873.94,6820.69,6822.43,-32.97,-0.48%,0
"2025-10-30 08:00",6860.5,6880.75,6834.93,6855.4,-35.19,-0.51%,0
"2025-10-29 16:00",6893.77,6893.77,6890.59,6890.59,-1.58,-0.02%,0
"2025-10-29 12:00",6903.65,6910.88,6851.91,6892.17,-11.52,-0.17%,0
"2025-10-29 08:00",6910.95,6920.34,6901.28,6903.69,12.8,+0.19%,0
"2025-10-28 16:00",6891.16,6891.34,6890.88,6890.89,0,0.00%,0
"2025-10-28 12:00",6878.18,6911.3,6878.18,6890.89,12.68,+0.18%,0
"2025-10-28 08:00",6897.74,6897.74,6870.73,6878.21,3.05,+0.04%,0
"2025-10-27 16:00",6874.63,6875.17,6874.63,6875.16,0.66,+0.01%,0
"2025-10-27 12:00",6856.76,6877.28,6853.83,6874.5,17.9,+0.26%,0
"2025-10-27 08:00",6845.46,6859.13,6843.94,6856.6,64.91,+0.96%,0
"2025-10-24 16:00",6791.67,6792.21,6791.67,6791.69,0.55,+0.01%,0
"2025-10-24 12:00",6801.83,6807.11,6789.33,6791.14,-10.61,-0.16%,0
"2025-10-24 08:00",6772.07,6806.26,6772.07,6801.75,63.31,+0.94%,0
"2025-10-23 16:00",6738.58,6738.58,6738.35,6738.44,0.27,0.00%,0
"2025-10-23 12:00",6724.94,6749.53,6723.96,6738.17,13.22,+0.20%,0
"2025-10-23 08:00",6703.65,6729.75,6700.14,6724.95,25.55,+0.38%,0
"2025-10-22 16:00",6699.46,6699.56,6699.4,6699.4,-0.38,-0.01%,0
"2025-10-22 12:00",6712.27,6713.44,6655.69,6699.78,-12.34,-0.18%,0
"2025-10-22 08:00",6741.34,6741.75,6695.9,6712.12,-23.23,-0.34%,0
"2025-10-21 16:00",6734.79,6735.35,6734.79,6735.35,0.59,+0.01%,0
"2025-10-21 12:00",6744.98,6752.16,6730.08,6734.76,-10.19,-0.15%,0
"2025-10-21 08:00",6736.75,6749.91,6722.03,6744.95,9.82,+0.15%,0
"2025-10-20 16:00",6735.02,6735.17,6735.02,6735.13,0.36,+0.01%,0
"2025-10-20 12:00",6727.79,6744.35,6724.23,6734.77,7.31,+0.11%,0
"2025-10-20 08:00",6690.05,6736.23,6690.05,6727.46,63.45,+0.95%,0
"2025-10-17 16:00",6663.73,6664.03,6663.73,6664.01,1.1,+0.02%,0
"2025-10-17 12:00",6638.69,6678.88,6628.36,6662.91,24.22,+0.36%,0
"2025-10-17 08:00",6613.27,6658.05,6603.76,6638.69,9.62,+0.15%,0
"2025-10-16 16:00",6628.73,6629.08,6628.73,6629.07,0.07,0.00%,0
"2025-10-16 12:00",6666.97,6672.72,6593.99,6629,-37.81,-0.57%,0
"2025-10-16 08:00",6689.02,6709.34,6662.34,6666.81,-4.25,-0.06%,0
"2025-10-15 16:00",6672.59,6672.59,6671.04,6671.06,-0.44,-0.01%,0
"2025-10-15 12:00",6674.49,6686.17,6612.11,6671.5,-3.02,-0.05%,0
"2025-10-15 08:00",6688.27,6724.12,6661.6,6674.52,30.21,+0.45%,0
"2025-10-14 16:00",6644.47,6644.47,6644.31,6644.31,0.4,+0.01%,0
"2025-10-14 12:00",6646.51,6680.7,6626.41,6643.91,-2.61,-0.04%,0
"2025-10-14 08:00",6602.49,6652.63,6555.07,6646.52,-8.2,-0.12%,0
"2025-10-13 16:00",6653.89,6654.72,6653.89,6654.72,0.81,+0.01%,0
"2025-10-13 12:00",6652.86,6668.68,6640.27,6653.91,1.08,+0.02%,0
"2025-10-13 08:00",6622.53,6654.88,6620.71,6652.83,100.32,+1.53%,0
"2025-10-10 16:00",6552.6,6552.77,6552.5,6552.51,-0.29,0.00%,0
"2025-10-10 12:00",6640.67,6648.8,6550.78,6552.8,-87.94,-1.32%,0
"2025-10-10 08:00",6740.49,6762.4,6618.1,6640.74,-94.37,-1.40%,0
"2025-10-09 16:00",6735.22,6735.22,6735.1,6735.11,0.2,0.00%,0
"2025-10-09 12:00",6737.37,6739.78,6716.17,6734.91,-2.52,-0.04%,0
"2025-10-09 08:00",6760.5,6764.58,6723.74,6737.43,-16.29,-0.24%,0
"2025-10-08 16:00",6754.09,6754.17,6753.72,6753.72,0.14,0.00%,0
"2025-10-08 12:00",6752.29,6755.64,6745.56,6753.58,1.47,+0.02%,0
"2025-10-08 08:00",6723.87,6754.01,6718.09,6752.11,37.52,+0.56%,0
"2025-10-07 16:00",6714.23,6714.65,6714.23,6714.59,0.31,0.00%,0
"2025-10-07 12:00",6706.25,6719.21,6700.43,6714.28,8.18,+0.12%,0
"2025-10-07 08:00",6746.14,6754.49,6699.96,6706.1,-34.18,-0.51%,0
"2025-10-06 16:00",6740.27,6740.35,6740.27,6740.28,-0.01,0.00%,0
"2025-10-06 12:00",6742.83,6749.52,6737.21,6740.29,-2.47,-0.04%,0
"2025-10-06 08:00",6733.86,6743.61,6717.78,6742.76,26.97,+0.40%,0
"2025-10-03 16:00",6715.82,6715.93,6715.78,6715.79,-0.07,0.00%,0
"2025-10-03 12:00",6749.14,6750.87,6705.67,6715.86,-33.36,-0.49%,0
"2025-10-03 08:00",6722.14,6750.35,6722.14,6749.22,33.87,+0.50%,0
"2025-10-02 16:00",6715.58,6715.76,6715.35,6715.35,-0.45,-0.01%,0
"2025-10-02 12:00",6708.23,6722.68,6700.91,6715.8,7.52,+0.11%,0
"2025-10-02 08:00",6731.31,6731.94,6693.23,6708.28,-2.92,-0.04%,0
"2025-10-01 16:00",6710.62,6711.22,6710.62,6711.2,0.28,0.00%,0
"2025-10-01 12:00",6695.63,6718.48,6690.06,6710.92,15.32,+0.23%,0
"2025-10-01 08:00",6664.92,6697.18,6656.2,6695.6,7.14,+0.11%,0
"2025-09-30 16:00",6687.65,6688.46,6687.65,6688.46,1.4,+0.02%,0
"2025-09-30 12:00",6655.17,6691.25,6642.71,6687.06,31.89,+0.48%,0
"2025-09-30 08:00",6656.19,6661.57,6641,6655.17,-6.04,-0.09%,0
"2025-09-29 16:00",6661.22,6661.41,6661.21,6661.21,-0.5,-0.01%,0
"2025-09-29 12:00",6657.99,6663.31,6644.49,6661.71,3.86,+0.06%,0
"2025-09-29 08:00",6661.58,6677.31,6653.89,6657.85,14.15,+0.21%,0
"2025-09-26 16:00",6643.67,6643.75,6643.67,6643.7,0.16,0.00%,0
"2025-09-26 12:00",6612.88,6646.9,6611.05,6643.54,30.72,+0.46%,0
"2025-09-26 08:00",6615.38,6648.97,6604.43,6612.82,8.1,+0.12%,0
"2025-09-25 16:00",6604.83,6604.86,6604.72,6604.72,0.52,+0.01%,0
"2025-09-25 12:00",6614.99,6618.18,6569.22,6604.2,-10.68,-0.16%,0
"2025-09-25 08:00",6608.19,6619,6575.04,6614.88,-23.09,-0.35%,0
"2025-09-24 16:00",6636.99,6637.98,6636.99,6637.97,1.29,+0.02%,0
"2025-09-24 12:00",6628.88,6643.59,6621.76,6636.68,7.79,+0.12%,0
"2025-09-24 08:00",6669.79,6672.66,6628.56,6628.89,-28.03,-0.42%,0
"2025-09-23 16:00",6657.81,6657.81,6656.92,6656.92,-1.17,-0.02%,0
"2025-09-23 12:00",6681.9,6684.74,6645.58,6658.09,-23.83,-0.36%,0
"2025-09-23 08:00",6692.44,6699.52,6681.63,6681.92,-11.83,-0.18%,0
"2025-09-22 16:00",6693.83,6693.94,6693.75,6693.75,-0.01,0.00%,0
"2025-09-22 12:00",6672.38,6698.88,6672.22,6693.76,21.2,+0.32%,0
"2025-09-22 08:00",6654.28,6679.36,6648.07,6672.56,8.2,+0.12%,0
"2025-09-19 16:00",6663.05,6664.42,6663.05,6664.36,1.52,+0.02%,0
"2025-09-19 12:00",6641.98,6671.82,6641.64,6662.84,20.92,+0.31%,0
"2025-09-19 08:00",6647.11,6653.94,6630.31,6641.92,9.96,+0.15%,0
"2025-09-18 16:00",6631.82,6631.97,6631.82,6631.96,0.79,+0.01%,0
"2025-09-18 12:00",6634.2,6650.54,6627.92,6631.17,-3.13,-0.05%,0
"2025-09-18 08:00",6626.85,6656.8,6611.89,6634.3,33.95,+0.51%,0
"2025-09-17 16:00",6600.02,6600.43,6600.02,6600.35,-0.54,-0.01%,0
"2025-09-17 12:00",6600.47,6624.39,6551.15,6600.89,0.42,+0.01%,0
"2025-09-17 08:00",6604.87,6613.71,6596.63,6600.47,-6.29,-0.10%,0
"2025-09-16 16:00",6606.43,6606.95,6606.43,6606.76,0.12,0.00%,0
"2025-09-16 12:00",6604.92,6615.64,6603.14,6606.64,1.77,+0.03%,0
"2025-09-16 08:00",6624.13,6626.99,6600.11,6604.87,-10.41,-0.16%,0
"2025-09-15 16:00",6616.31,6616.31,6615.28,6615.28,-0.69,-0.01%,0
"2025-09-15 12:00",6614.73,6617.84,6602.07,6615.97,1.14,+0.02%,0
"2025-09-15 08:00",6603.49,6619.62,6602.49,6614.83,30.54,+0.46%,0
"2025-09-12 16:00",6584,6584.42,6584,6584.29,0.32,0.00%,0
"2025-09-12 12:00",6585.61,6600.21,6579.49,6583.97,-1.76,-0.03%,0
"2025-09-12 08:00",6590.66,6594.22,6580.48,6585.73,-1.74,-0.03%,0
"2025-09-11 16:00",6586.74,6587.47,6586.74,6587.47,0.77,+0.01%,0
"2025-09-11 12:00",6581.53,6592.89,6578.51,6586.7,5.16,+0.08%,0
"2025-09-11 08:00",6554.41,6586.75,6545.8,6581.54,49.5,+0.76%,0
"2025-09-10 16:00",6531.71,6532.32,6531.71,6532.04,0.14,0.00%,0
"2025-09-10 12:00",6543.18,6544.58,6516.34,6531.9,-11.32,-0.17%,0
"2025-09-10 08:00",6550.29,6555.97,6533.56,6543.22,30.61,+0.47%,0
"2025-09-09 16:00",6512.66,6512.67,6512.61,6512.61,0.21,0.00%,0
"2025-09-09 12:00",6493.29,6518.23,6492.36,6512.4,19.1,+0.29%,0
"2025-09-09 08:00",6503.33,6507.1,6483.08,6493.3,-1.85,-0.03%,0
"2025-09-08 16:00",6496.1,6496.1,6495.15,6495.15,-0.91,-0.01%,0
"2025-09-08 12:00",6504.34,6504.53,6483.29,6496.06,-8.15,-0.13%,0
"2025-09-08 08:00",6498.09,6508.67,6487.73,6504.21,22.71,+0.35%,0
"2025-09-05 16:00",6481.56,6481.79,6481.5,6481.5,-0.66,-0.01%,0
"2025-09-05 12:00",6467.5,6484.25,6457.25,6482.16,14.69,+0.23%,0
"2025-09-05 08:00",6529.08,6532.65,6443.98,6467.47,-34.61,-0.53%,0
"2025-09-04 16:00",6501.74,6502.12,6501.74,6502.08,0.58,+0.01%,0
"2025-09-04 12:00",6473.48,6502.54,6469.34,6501.5,27.93,+0.43%,0
"2025-09-04 08:00",6456.6,6476.75,6445.98,6473.57,25.31,+0.39%,0
"2025-09-03 16:00",6448.04,6448.29,6448,6448.26,0.45,+0.01%,0
"2025-09-03 12:00",6435.14,6447.81,6416.17,6447.81,12.6,+0.20%,0
"2025-09-03 08:00",6445.82,6453.67,6428.1,6435.21,19.67,+0.31%,0
"2025-09-02 16:00",6414.63,6415.55,6414.63,6415.54,0.59,+0.01%,0
"2025-09-02 12:00",6363.37,6416.54,6361.69,6414.95,51.7,+0.81%,0
"2025-09-02 08:00",6401.51,6412.01,6360.58,6363.25,-97.01,-1.50%,0
"2025-08-29 16:00",6460.82,6461.07,6460.26,6460.26,-1.56,-0.02%,0
"2025-08-29 12:00",6451.31,6463.88,6447.81,6461.82,10.52,+0.16%,0
"2025-08-29 08:00",6489.28,6491.76,6444.57,6451.3,-50.56,-0.78%,0
"2025-08-28 16:00",6501.02,6502.02,6501.02,6501.86,-0.45,-0.01%,0
"2025-08-28 12:00",6484.28,6508.23,6483.3,6502.31,17.91,+0.28%,0
"2025-08-28 08:00",6483.84,6495.44,6466.96,6484.4,3,+0.05%,0
"2025-08-27 16:00",6480.84,6481.4,6480.84,6481.4,0.55,+0.01%,0
"2025-08-27 12:00",6479.51,6487.06,6468.09,6480.85,1.38,+0.02%,0
"2025-08-27 08:00",6462.26,6480.69,6457.84,6479.47,13.53,+0.21%,0
"2025-08-26 16:00",6465.91,6465.94,6465.86,6465.94,0.24,0.00%,0
"2025-08-26 12:00",6441.32,6468.37,6438.32,6465.7,24.41,+0.38%,0
"2025-08-26 08:00",6435.49,6446.95,6429.21,6441.29,1.97,+0.03%,0
"2025-08-25 16:00",6438.85,6439.32,6438.85,6439.32,-0.13,0.00%,0
"2025-08-25 12:00",6464.22,6466.89,6438.06,6439.45,-24.7,-0.38%,0
"2025-08-25 08:00",6457.67,6464.94,6448.04,6464.15,-2.76,-0.04%,0
"2025-08-22 16:00",6466.55,6466.92,6466.55,6466.91,0.56,+0.01%,0
"2025-08-22 12:00",6467.88,6477.98,6457.16,6466.35,-1.26,-0.02%,0
"2025-08-22 08:00",6384.59,6478.89,6384.59,6467.61,97.44,+1.53%,0
"2025-08-21 16:00",6370.08,6370.19,6370.06,6370.17,-0.01,0.00%,0
"2025-08-21 12:00",6370.01,6379.03,6352.71,6370.18,0.14,0.00%,0
"2025-08-21 08:00",6380.83,6393.65,6357.79,6370.04,-25.74,-0.40%,0
"2025-08-20 16:00",6394.97,6395.8,6394.97,6395.78,0.9,+0.01%,0
"2025-08-20 12:00",6365.98,6405.1,6365.37,6394.88,28.96,+0.45%,0
"2025-08-20 08:00",6406.62,6408.4,6343.86,6365.92,-45.45,-0.71%,0
"2025-08-19 16:00",6411.53,6411.58,6411.37,6411.37,-0.43,-0.01%,0
"2025-08-19 12:00",6422.42,6425.73,6400.22,6411.8,-10.62,-0.17%,0
"2025-08-19 08:00",6446.24,6456.48,6420.66,6422.42,-26.73,-0.41%,0
"2025-08-18 16:00",6448.79,6449.16,6448.79,6449.15,-0.09,0.00%,0
"2025-08-18 12:00",6443.35,6454.11,6437.7,6449.24,5.85,+0.09%,0
"2025-08-18 08:00",6445.02,6455.35,6439.68,6443.39,-6.41,-0.10%,0
"2025-08-15 16:00",6449.68,6450.22,6449.68,6449.8,-0.32,0.00%,0
"2025-08-15 12:00",6450.67,6464.79,6447.18,6450.12,-0.47,-0.01%,0
"2025-08-15 08:00",6477.38,6481.34,6441.85,6450.59,-17.95,-0.28%,0
"2025-08-14 16:00",6467.73,6468.54,6467.73,6468.54,0.74,+0.01%,0
"2025-08-14 12:00",6458.53,6473.56,6444.98,6467.8,9.16,+0.14%,0
"2025-08-14 08:00",6453.46,6473.92,6441.07,6458.64,-7.94,-0.12%,0
"2025-08-13 16:00",6466.4,6466.65,6466.4,6466.58,-0.21,0.00%,0
"2025-08-13 12:00",6452.21,6468.23,6445.02,6466.79,14.66,+0.23%,0
"2025-08-13 08:00",6462.67,6480.28,6447.99,6452.13,6.37,+0.10%,0
"2025-08-12 16:00",6445.68,6445.82,6445.62,6445.76,0.46,+0.01%,0
"2025-08-12 12:00",6430.08,6446.55,6426.96,6445.3,15.33,+0.24%,0
"2025-08-12 08:00",6395.17,6430.48,6385.76,6429.97,56.52,+0.89%,0
"2025-08-11 16:00",6374.32,6374.6,6373.45,6373.45,-1.04,-0.02%,0
"2025-08-11 12:00",6396.69,6407.25,6364.06,6374.49,-22.09,-0.35%,0
"2025-08-11 08:00",6389.67,6397.94,6383.79,6396.58,7.13,+0.11%,0
"2025-08-08 16:00",6389.97,6389.97,6389.45,6389.45,-0.74,-0.01%,0
"2025-08-08 12:00",6382.11,6395.16,6379.4,6390.19,8.05,+0.13%,0
"2025-08-08 08:00",6355.22,6388.95,6355.22,6382.14,42.14,+0.66%,0
"2025-08-07 16:00",6341.56,6341.56,6340,6340,-1.08,-0.02%,0
"2025-08-07 12:00",6337.77,6344.86,6310.32,6341.08,2.81,+0.04%,0
"2025-08-07 08:00",6374.32,6389.71,6333.17,6338.27,-6.79,-0.11%,0
"2025-08-06 16:00",6345.25,6345.37,6345.06,6345.06,0.28,0.00%,0
"2025-08-06 12:00",6346.37,6352.83,6337.83,6344.78,-1.87,-0.03%,0
"2025-08-06 08:00",6309.3,6348.33,6301.11,6346.65,47.46,+0.75%,0
"2025-08-05 16:00",6299.1,6299.22,6299.1,6299.19,0,0.00%,0
"2025-08-05 12:00",6299.99,6322.3,6297.54,6299.19,-0.86,-0.01%,0
"2025-08-05 08:00",6336.63,6346,6289.37,6300.05,-29.89,-0.47%,0
"2025-08-04 16:00",6330.07,6330.07,6329.93,6329.94,0.4,+0.01%,0
"2025-08-04 12:00",6318.28,6330.69,6313.89,6329.54,11.28,+0.18%,0
"2025-08-04 08:00",6271.71,6319.33,6271.71,6318.26,80.25,+1.29%,0
"2025-08-01 16:00",6236.45,6238.01,6236.45,6238.01,0.71,+0.01%,0
"2025-08-01 12:00",6259.48,6268.65,6212.69,6237.3,-22.13,-0.35%,0
"2025-08-01 08:00",6287.28,6287.28,6214.43,6259.43,-79.96,-1.26%,0
"2025-07-31 16:00",6339.31,6339.89,6339.31,6339.39,-2.15,-0.03%,0
"2025-07-31 12:00",6395.05,6403.32,6327.64,6341.54,-53.48,-0.84%,0
"2025-07-31 08:00",6427.02,6427.02,6371.01,6395.02,32.12,+0.50%,0
"2025-07-30 16:00",6365.11,6365.11,6362.9,6362.9,-1.93,-0.03%,0
"2025-07-30 12:00",6381.59,6396.54,6336.38,6364.83,-16.62,-0.26%,0
"2025-07-30 08:00",6381.23,6387.8,6370.62,6381.45,10.59,+0.17%,0
"2025-07-29 16:00",6371.42,6371.64,6370.86,6370.86,-0.77,-0.01%,0
"2025-07-29 12:00",6379.45,6385.99,6363.92,6371.63,-7.82,-0.12%,0
"2025-07-29 08:00",6405.62,6409.26,6367.43,6379.45,-10.32,-0.16%,0
"2025-07-28 16:00",6389.81,6389.81,6389.77,6389.77,0.19,0.00%,0
"2025-07-28 12:00",6394.3,6396.31,6375.79,6389.58,-4.83,-0.08%,0
"2025-07-28 08:00",6397.69,6401.07,6383.76,6394.41,5.77,+0.09%,0
"2025-07-25 16:00",6389.36,6389.36,6388.64,6388.64,-0.95,-0.01%,0
"2025-07-25 12:00",6379.67,6395.82,6378.3,6389.59,9.88,+0.15%,0
"2025-07-25 08:00",6370.01,6381.47,6368.53,6379.71,16.36,+0.26%,0
"2025-07-24 16:00",6363.74,6363.87,6363.35,6363.35,-0.67,-0.01%,0
"2025-07-24 12:00",6375.64,6381.31,6362.77,6364.02,-11.61,-0.18%,0
"2025-07-24 08:00",6368.6,6379.54,6360.57,6375.63,16.72,+0.26%,0
"2025-07-23 16:00",6360.64,6360.64,6358.91,6358.91,-1.,-0.02%,0
"2025-07-23 12:00",6341.38,6359.91,6334.55,6359.91,18.42,+0.29%,0
"2025-07-23 08:00",6326.9,6347.09,6317.49,6341.49,31.87,+0.51%,0
"2025-07-22 16:00",6308.94,6309.62,6308.8,6309.62,0.49,+0.01%,0
"2025-07-22 12:00",6296.79,6316.12,6291.21,6309.13,12.3,+0.20%,0
"2025-07-22 08:00",6306.6,6312.74,6281.71,6296.83,-8.77,-0.14%,0
"2025-07-21 16:00",6306.45,6306.69,6305.6,6305.6,-1.86,-0.03%,0
"2025-07-21 12:00",6332.52,6336.04,6303.79,6307.46,-25.03,-0.40%,0
"2025-07-21 08:00",6304.74,6336.08,6304.74,6332.49,35.7,+0.57%,0
"2025-07-18 16:00",6296.35,6296.79,6296.35,6296.79,0.11,0.00%,0
"2025-07-18 12:00",6301.41,6301.71,6285.27,6296.68,-4.67,-0.07%,0
"2025-07-18 08:00",6312.95,6315.61,6289.57,6301.35,3.99,+0.06%,0
"2025-07-17 16:00",6299.31,6299.31,6297.36,6297.36,-1.66,-0.03%,0
"2025-07-17 12:00",6293.44,6304.69,6286.33,6299.02,5.51,+0.09%,0
"2025-07-17 08:00",6263.4,6293.72,6262.27,6293.51,29.81,+0.48%,0
"2025-07-16 16:00",6263.19,6263.7,6263.19,6263.7,0.12,0.00%,0
"2025-07-16 12:00",6239.86,6268.12,6231.84,6263.58,23.69,+0.38%,0
"2025-07-16 08:00",6254.5,6261.6,6201.59,6239.89,-3.87,-0.06%,0
"2025-07-15 16:00",6241.68,6243.76,6241.68,6243.76,0.66,+0.01%,0
"2025-07-15 12:00",6269,6270.36,6242.45,6243.1,-25.84,-0.41%,0
"2025-07-15 08:00",6295.29,6302.04,6259.14,6268.94,0.38,+0.01%,0
"2025-07-14 16:00",6268.07,6268.59,6268.07,6268.56,0.45,+0.01%,0
"2025-07-14 12:00",6261.13,6273.31,6258.19,6268.11,6.98,+0.11%,0
"2025-07-14 08:00",6255.15,6265.42,6239.22,6261.13,1.38,+0.02%,0
"2025-07-11 16:00",6258.4,6259.75,6258.4,6259.75,1.4,+0.02%,0
"2025-07-11 12:00",6259.07,6269.44,6253.25,6258.35,-0.71,-0.01%,0
"2025-07-11 08:00",6255.68,6267.04,6237.6,6259.06,-21.4,-0.34%,0
"2025-07-10 16:00",6280.25,6280.46,6280.19,6280.46,0.32,+0.01%,0
"2025-07-10 12:00",6278.32,6290.22,6271.73,6280.14,1.86,+0.03%,0
"2025-07-10 08:00",6266.8,6279.45,6251.44,6278.28,15.02,+0.24%,0
"2025-07-09 16:00",6262.71,6263.35,6262.71,6263.26,0.99,+0.02%,0
"2025-07-09 12:00",6241.63,6263.85,6238.42,6262.27,20.62,+0.33%,0
"2025-07-09 08:00",6243.33,6269.16,6231.43,6241.65,16.13,+0.26%,0
"2025-07-08 16:00",6225.62,6225.71,6225.52,6225.52,0.04,0.00%,0
"2025-07-08 12:00",6233.13,6242.7,6220.88,6225.48,-7.7,-0.12%,0
"2025-07-08 08:00",6234.03,6238.45,6217.75,6233.18,3.2,+0.05%,0
"2025-07-07 16:00",6230.07,6230.07,6229.95,6229.98,-0.78,-0.01%,0
"2025-07-07 12:00",6239.54,6244.66,6201,6230.76,-8.7,-0.14%,0
"2025-07-07 08:00",6259.04,6262.07,6234.02,6239.46,-39.89,-0.64%,0
"2025-07-03 12:00",6280.97,6284.65,6271.35,6279.35,-1.56,-0.02%,0
"2025-07-03 08:00",6246.46,6282.8,6246.46,6280.91,53.49,+0.86%,0
"2025-07-02 16:00",6227.11,6227.42,6227.11,6227.42,0.15,0.00%,0
"2025-07-02 12:00",6215.98,6227.6,6211.83,6227.27,11.13,+0.18%,0
"2025-07-02 08:00",6193.88,6217.48,6188.29,6216.14,18.13,+0.29%,0
"2025-07-01 16:00",6197.53,6198.1,6197.53,6198.01,0.43,+0.01%,0
"2025-07-01 12:00",6191.85,6210.78,6190.12,6197.58,5.81,+0.09%,0
"2025-07-01 08:00",6187.25,6203.21,6177.97,6191.77,-13.18,-0.21%,0
"2025-06-30 16:00",6203.31,6204.95,6203.31,6204.95,0.6,+0.01%,0
"2025-06-30 12:00",6187.39,6215.08,6174.97,6204.35,16.93,+0.27%,0
"2025-06-30 08:00",6193.36,6195.34,6179.83,6187.42,14.35,+0.23%,0
"2025-06-27 16:00",6172.85,6173.14,6172.74,6173.07,1.1,+0.02%,0
"2025-06-27 12:00",6182.63,6187.68,6132.35,6171.97,-10.66,-0.17%,0
"2025-06-27 08:00",6150.7,6184.73,6150.7,6182.63,41.61,+0.68%,0
"2025-06-26 16:00",6142.09,6142.09,6141.02,6141.02,-1.6,-0.03%,0
"2025-06-26 12:00",6128.83,6146.52,6128.18,6142.62,13.72,+0.22%,0
"2025-06-26 08:00",6112.09,6132.31,6107.27,6128.9,36.74,+0.60%,0
"2025-06-25 16:00",6093.46,6093.46,6092.16,6092.16,-1.7,-0.03%,0
"2025-06-25 12:00",6092.77,6097.18,6080.09,6093.86,1.03,+0.02%,0
"2025-06-25 08:00",6104.23,6108.51,6088.81,6092.83,0.65,+0.01%,0
"2025-06-24 16:00",6092.45,6092.51,6092.18,6092.18,-1.1,-0.02%,0
"2025-06-24 12:00",6081.35,6101.76,6080.61,6093.28,11.93,+0.20%,0
"2025-06-24 08:00",6061.21,6085.4,6059.25,6081.35,56.18,+0.93%,0
"2025-06-23 16:00",6025.04,6025.19,6024.93,6025.17,0.42,+0.01%,0
"2025-06-23 12:00",5982.52,6028.77,5943.23,6024.75,42.14,+0.70%,0
"2025-06-23 08:00",5969.67,6005.58,5958.16,5982.61,14.77,+0.25%,0
"2025-06-20 16:00",5966.93,5967.84,5966.93,5967.84,-0.5,-0.01%,0
"2025-06-20 12:00",5970.6,5981.44,5952.56,5968.34,-2.12,-0.04%,0
"2025-06-20 08:00",5999.67,6018.2,5959.18,5970.46,-10.41,-0.17%,0
"2025-06-18 16:00",5980.12,5980.89,5980.12,5980.87,0.54,+0.01%,0
"2025-06-18 12:00",6003.42,6014.55,5971.89,5980.33,-23.07,-0.38%,0
"2025-06-18 08:00",5987.93,6018.25,5980.68,6003.4,20.68,+0.35%,0
"2025-06-17 16:00",5982.05,5982.72,5982.05,5982.72,0.66,+0.01%,0
"2025-06-17 12:00",6014,6022.56,5974.8,5982.06,-31.89,-0.53%,0
"2025-06-17 08:00",6012.15,6023.25,6005.82,6013.95,-19.16,-0.32%,0
"2025-06-16 16:00",6033.26,6033.52,6033.1,6033.11,-0.27,0.00%,0
"2025-06-16 12:00",6037.97,6043.21,6023.4,6033.38,-4.56,-0.08%,0
"2025-06-16 08:00",6004,6050.83,6004,6037.94,60.97,+1.02%,0
"2025-06-13 16:00",5976.99,5976.99,5976.86,5976.97,-0.51,-0.01%,0
"2025-06-13 12:00",6020.67,6026.16,5963.21,5977.48,-43.25,-0.72%,0
"2025-06-13 08:00",6000.56,6024.88,5974.65,6020.73,-24.53,-0.41%,0
"2025-06-12 16:00",6045.43,6045.43,6045.05,6045.26,0.06,0.00%,0
"2025-06-12 12:00",6033.57,6045.2,6028.8,6045.2,11.67,+0.19%,0
"2025-06-12 08:00",6009.9,6044.67,6003.88,6033.53,11.29,+0.19%,0
"2025-06-11 16:00",6023.29,6023.29,6022.24,6022.24,-1.48,-0.02%,0
"2025-06-11 12:00",6045.08,6052.89,6002.32,6023.72,-21.57,-0.36%,0
"2025-06-11 08:00",6049.38,6059.4,6031.81,6045.29,6.48,+0.11%,0
"2025-06-10 16:00",6039.45,6039.45,6038.8,6038.81,-1.02,-0.02%,0
"2025-06-10 12:00",6021.43,6043.01,6011.41,6039.83,18.43,+0.31%,0
"2025-06-10 08:00",6009.91,6024.86,6000.28,6021.4,15.52,+0.26%,0
"2025-06-09 16:00",6004.81,6005.88,6004.81,6005.88,1.68,+0.03%,0
"2025-06-09 12:00",6007.62,6021.31,6003.05,6004.2,-3.38,-0.06%,0
"2025-06-09 08:00",6004.63,6012.37,5994.18,6007.58,7.22,+0.12%,0
"2025-06-06 16:00",5999.74,6000.36,5999.74,6000.36,0.7,+0.01%,0
"2025-06-06 12:00",5996.62,6013.09,5978.63,5999.66,2.91,+0.05%,0
"2025-06-06 08:00",5987.06,6016.87,5982.9,5996.75,57.45,+0.97%,0
"2025-06-05 16:00",5939.24,5939.51,5939.24,5939.3,-0.38,-0.01%,0
"2025-06-05 12:00",5997.81,5999.7,5921.2,5939.68,-58.14,-0.97%,0
"2025-06-05 08:00",5985.67,5999.21,5949.36,5997.82,27.01,+0.45%,0
"2025-06-04 16:00",5970.73,5970.89,5970.73,5970.81,-0.35,-0.01%,0
"2025-06-04 12:00",5978.92,5989.61,5968.86,5971.16,-7.83,-0.13%,0
"2025-06-04 08:00",5978.94,5990.48,5966.11,5978.99,8.62,+0.14%,0
"2025-06-03 16:00",5971.26,5971.26,5970.36,5970.37,-0.16,0.00%,0
"2025-06-03 12:00",5967.04,5981.35,5959.25,5970.53,3.56,+0.06%,0
"2025-06-03 08:00",5938.56,5967.27,5929,5966.97,31.03,+0.52%,0
"2025-06-02 16:00",5936.49,5936.49,5935.94,5935.94,-1.46,-0.02%,0
"2025-06-02 12:00",5908.3,5937.4,5900.81,5937.4,29.1,+0.49%,0
"2025-06-02 08:00",5896.68,5910.91,5861.43,5908.3,-3.39,-0.06%,0
"2025-05-30 16:00",5907.2,5911.69,5907.2,5911.69,4.63,+0.08%,0
"2025-05-30 12:00",5891.21,5922.14,5843.66,5907.06,15.86,+0.27%,0
"2025-05-30 08:00",5903.67,5910.24,5875.4,5891.2,-20.97,-0.35%,0
"2025-05-29 16:00",5912.03,5912.34,5912.03,5912.17,0.01,0.00%,0
"2025-05-29 12:00",5882.83,5917.77,5873.8,5912.16,29.46,+0.50%,0
"2025-05-29 08:00",5939.96,5943.13,5878.38,5882.7,-5.85,-0.10%,0
"2025-05-28 16:00",5888.95,5888.95,5888.55,5888.55,-0.95,-0.02%,0
"2025-05-28 12:00",5902.06,5918.86,5881.88,5889.5,-12.47,-0.21%,0
"2025-05-28 08:00",5925.54,5939.92,5901.79,5901.97,-19.57,-0.33%,0
"2025-05-27 16:00",5921.68,5921.69,5921.54,5921.54,0.37,+0.01%,0
"2025-05-27 12:00",5901.41,5924.33,5900.82,5921.17,19.81,+0.34%,0
"2025-05-27 08:00",5854.07,5902.51,5854.07,5901.36,98.54,+1.70%,0
"2025-05-23 16:00",5803.21,5803.21,5802.81,5802.82,-1.34,-0.02%,0
"2025-05-23 12:00",5792.83,5829.51,5788.3,5804.16,11.3,+0.20%,0
"2025-05-23 08:00",5781.89,5808,5767.41,5792.86,-49.15,-0.84%,0
"2025-05-22 16:00",5841.68,5842.04,5841.59,5842.01,1.01,+0.02%,0
"2025-05-22 12:00",5854.35,5878.08,5838.63,5841,-12.49,-0.21%,0
"2025-05-22 08:00",5841.26,5863.44,5825.82,5853.49,8.88,+0.15%,0
"2025-05-21 16:00",5843.09,5844.61,5843.09,5844.61,0.44,+0.01%,0
"2025-05-21 12:00",5930.33,5938.37,5830.91,5844.17,-86.25,-1.45%,0
"2025-05-21 08:00",5910.18,5934.91,5899.65,5930.42,-10.04,-0.17%,0
"2025-05-20 16:00",5940.99,5940.99,5940.44,5940.46,-0.37,-0.01%,0
"2025-05-20 12:00",5945,5950.63,5909.26,5940.83,-4.2,-0.07%,0
"2025-05-20 08:00",5944.66,5953.06,5933.53,5945.03,-18.57,-0.31%,0
"2025-05-19 16:00",5962.98,5963.61,5962.98,5963.6,-0.56,-0.01%,0
"2025-05-19 12:00",5944.32,5968.61,5942.98,5964.16,19.87,+0.33%,0
"2025-05-19 08:00",5902.88,5950.53,5895.69,5944.29,-14.09,-0.24%,0
"2025-05-16 16:00",5957.61,5958.38,5957.61,5958.38,-0.02,0.00%,0
"2025-05-16 12:00",5924.61,5958.62,5923.68,5958.4,33.76,+0.57%,0
"2025-05-16 08:00",5929.09,5930.42,5907.36,5924.64,7.71,+0.13%,0
"2025-05-15 16:00",5917.59,5917.93,5916.92,5916.93,-0.51,-0.01%,0
"2025-05-15 12:00",5905.92,5924.21,5898.52,5917.44,11.52,+0.20%,0
"2025-05-15 08:00",5869.82,5908.57,5865.16,5905.92,13.34,+0.23%,0
"2025-05-14 16:00",5892.31,5892.6,5892.11,5892.58,1.07,+0.02%,0
"2025-05-14 12:00",5896.53,5901.7,5872.11,5891.51,-5.01,-0.08%,0
"2025-05-14 08:00",5896.74,5906.55,5874.62,5896.52,9.97,+0.17%,0
"2025-05-13 16:00",5884.92,5886.56,5884.92,5886.55,1.68,+0.03%,0
"2025-05-13 12:00",5893.29,5906.64,5884.47,5884.87,-8.06,-0.14%,0
"2025-05-13 08:00",5854.15,5899.99,5845.02,5892.93,48.74,+0.83%,0
"2025-05-12 16:00",5844.78,5844.78,5844.17,5844.19,-0.39,-0.01%,0
"2025-05-12 12:00",5797.81,5845.37,5796.02,5844.58,46.77,+0.81%,0
"2025-05-12 08:00",5807.2,5828.96,5786.08,5797.81,137.9,+2.44%,0
"2025-05-09 16:00",5659.4,5659.91,5659.07,5659.91,0.76,+0.01%,0
"2025-05-09 12:00",5671.66,5674.52,5646,5659.15,-12.37,-0.22%,0
"2025-05-09 08:00",5679.65,5691.69,5644.15,5671.52,7.58,+0.13%,0
"2025-05-08 16:00",5664.39,5664.83,5663.94,5663.94,0.08,0.00%,0
"2025-05-08 12:00",5700.9,5720.1,5662.55,5663.86,-37.11,-0.65%,0
"2025-05-08 08:00",5663.6,5712.42,5635.38,5700.97,69.69,+1.24%,0
"2025-05-07 16:00",5630.69,5631.28,5630.36,5631.28,1.53,+0.03%,0
"2025-05-07 12:00",5616,5654.73,5578.64,5629.75,13.73,+0.24%,0
"2025-05-07 08:00",5614.18,5637.1,5601.1,5616.02,9.11,+0.16%,0
"2025-05-06 16:00",5605.83,5606.91,5605.83,5606.91,1.39,+0.02%,0
"2025-05-06 12:00",5620.86,5649.58,5600.98,5605.52,-15.26,-0.27%,0
"2025-05-06 08:00",5605.87,5636.21,5586.04,5620.78,-29.6,-0.52%,0
"2025-05-05 16:00",5650.64,5651.28,5650.38,5650.38,-0.82,-0.01%,0
"2025-05-05 12:00",5667.42,5683.38,5648.29,5651.2,-16.22,-0.29%,0
"2025-05-05 08:00",5655.32,5670.24,5634.48,5667.42,-19.25,-0.34%,0
"2025-05-02 16:00",5685.33,5686.68,5685.33,5686.67,0.94,+0.02%,0
"2025-05-02 12:00",5679.91,5700.7,5678.44,5685.73,5.83,+0.10%,0
"2025-05-02 08:00",5645.88,5681.59,5642.28,5679.9,75.76,+1.35%,0
"2025-05-01 16:00",5601.8,5604.16,5601.8,5604.14,1.83,+0.03%,0
"2025-05-01 12:00",5621,5643.62,5597.35,5602.31,-18.71,-0.33%,0
"2025-05-01 08:00",5625.14,5658.91,5606.76,5621.02,51.96,+0.93%,0
"2025-04-30 16:00",5564.52,5569.06,5564.52,5569.06,8.9,+0.16%,0
"2025-04-30 12:00",5511.38,5581.84,5489.51,5560.16,48.7,+0.88%,0
"2025-04-30 08:00",5499.44,5514.2,5433.24,5511.46,-49.37,-0.89%,0
"2025-04-29 16:00",5559.95,5560.83,5559.95,5560.83,0.53,+0.01%,0
"2025-04-29 12:00",5535.44,5571.95,5523.7,5560.3,24.83,+0.45%,0
"2025-04-29 08:00",5508.87,5550.21,5505.7,5535.47,6.72,+0.12%,0
"2025-04-28 16:00",5527.82,5528.75,5527.82,5528.75,0.11,0.00%,0
"2025-04-28 12:00",5492.25,5539.65,5468.64,5528.64,36.4,+0.66%,0
"2025-04-28 08:00",5529.22,5553.66,5487.99,5492.24,-32.97,-0.60%,0
"2025-04-25 16:00",5524.31,5525.25,5524.31,5525.21,1.69,+0.03%,0
"2025-04-25 12:00",5488.36,5528.11,5486.29,5523.52,35.14,+0.64%,0
"2025-04-25 08:00",5489.73,5498.47,5455.86,5488.38,3.61,+0.07%,0
"2025-04-24 16:00",5483.4,5484.8,5483.4,5484.77,1.18,+0.02%,0
"2025-04-24 12:00",5444.53,5489.4,5440.76,5483.59,39.29,+0.72%,0
"2025-04-24 08:00",5381.38,5455.97,5371.96,5444.3,68.44,+1.27%,0
"2025-04-23 16:00",5373.58,5375.86,5373.58,5375.86,3.44,+0.06%,0
"2025-04-23 12:00",5391.53,5411.38,5356.17,5372.42,-18.99,-0.35%,0
"2025-04-23 08:00",5395.92,5469.69,5373.37,5391.41,103.65,+1.96%,0
"2025-04-22 16:00",5287.33,5287.76,5287.33,5287.76,0.95,+0.02%,0
"2025-04-22 12:00",5278.17,5309.61,5234.97,5286.81,8.67,+0.16%,0
"2025-04-22 08:00",5207.67,5280.37,5207.67,5278.14,119.94,+2.33%,0
"2025-04-21 16:00",5157.24,5158.21,5157.24,5158.2,0.39,+0.01%,0
"2025-04-21 12:00",5126.4,5164.57,5101.63,5157.81,31.4,+0.61%,0
"2025-04-21 08:00",5232.94,5232.94,5124.87,5126.41,-156.29,-2.96%,0
"2025-04-17 16:00",5282.01,5282.7,5282.01,5282.7,-0.8,-0.02%,0
"2025-04-17 12:00",5284.34,5328.31,5274.28,5283.5,-0.8,-0.02%,0
"2025-04-17 08:00",5305.45,5308.26,5255.58,5284.3,8.6,+0.16%,0
"2025-04-16 16:00",5275.79,5275.79,5275.55,5275.7,-0.56,-0.01%,0
"2025-04-16 12:00",5334.44,5337.91,5220.79,5276.26,-58.07,-1.09%,0
"2025-04-16 08:00",5335.75,5367.24,5314.5,5334.33,-62.3,-1.15%,0
"2025-04-15 16:00",5396.1,5396.63,5396.1,5396.63,-0.07,0.00%,0
"2025-04-15 12:00",5427.59,5433.45,5386.44,5396.7,-30.81,-0.57%,0
"2025-04-15 08:00",5411.99,5450.41,5401.57,5427.51,21.54,+0.40%,0
"2025-04-14 16:00",5406.76,5406.76,5405.97,5405.97,0.41,+0.01%,0
"2025-04-14 12:00",5375.8,5443.7,5358.02,5405.56,29.58,+0.55%,0
"2025-04-14 08:00",5441.96,5459.46,5370.34,5375.98,12.62,+0.24%,0
"2025-04-11 16:00",5361.11,5363.36,5361.11,5363.36,2.16,+0.04%,0
"2025-04-11 12:00",5285.94,5381.46,5279.82,5361.2,75.63,+1.43%,0
"2025-04-11 08:00",5255.56,5304.94,5220.77,5285.57,17.52,+0.33%,0
"2025-04-10 16:00",5267.11,5268.05,5266.98,5268.05,-0.13,0.00%,0
"2025-04-10 12:00",5203.84,5313.26,5115.27,5268.18,64.2,+1.23%,0
"2025-04-10 08:00",5353.15,5353.15,5198.31,5203.98,-252.92,-4.63%,0
"2025-04-09 16:00",5453.35,5456.9,5453.35,5456.9,5.29,+0.10%,0
"2025-04-09 12:00",4977.5,5481.34,4966.58,5451.61,473.97,+9.52%,0
"2025-04-09 08:00",4965.28,5052.01,4948.43,4977.64,-5.13,-0.10%,0
"2025-04-08 16:00",4986.4,4986.4,4982.73,4982.77,-2.9,-0.06%,0
"2025-04-08 12:00",5185.93,5190.59,4910.42,4985.67,-200.18,-3.86%,0
"2025-04-08 08:00",5193.57,5267.47,5159.82,5185.85,123.6,+2.44%,0
"2025-04-07 16:00",5062.58,5062.58,5061.89,5062.25,2.39,+0.05%,0
"2025-04-07 12:00",5013.2,5120.57,4967,5059.86,46.1,+0.92%,0
"2025-04-07 08:00",4953.79,5246.57,4835.04,5013.76,-60.32,-1.19%,0
"2025-04-04 16:00",5073.28,5074.13,5073.28,5074.08,-1.16,-0.02%,0
"2025-04-04 12:00",5167.7,5191.1,5069.9,5075.24,-92.39,-1.79%,0
"2025-04-04 08:00",5292.14,5292.14,5118.78,5167.63,-228.89,-4.24%,0
"2025-04-03 16:00",5395.92,5396.61,5395.92,5396.52,1.63,+0.03%,0
"2025-04-03 12:00",5455.8,5483.05,5390.83,5394.89,-60.9,-1.12%,0
"2025-04-03 08:00",5492.74,5499.53,5415.66,5455.79,-215.18,-3.79%,0
"2025-04-02 16:00",5669.42,5670.97,5669.42,5670.97,1.72,+0.03%,0
"2025-04-02 12:00",5644.61,5695.31,5632.14,5669.25,24.49,+0.43%,0
"2025-04-02 08:00",5580.76,5659.15,5571.48,5644.76,11.69,+0.21%,0
"2025-04-01 16:00",5632.88,5633.09,5632.74,5633.07,0.15,0.00%,0
"2025-04-01 12:00",5637.34,5650.57,5583.22,5632.92,-4.45,-0.08%,0
"2025-04-01 08:00",5597.53,5640.62,5558.52,5637.37,25.52,+0.45%,0
"2025-03-31 16:00",5612.62,5612.62,5611.85,5611.85,0.52,+0.01%,0
"2025-03-31 12:00",5554.09,5627.56,5540.74,5611.33,57.46,+1.03%,0
"2025-03-31 08:00",5527.91,5562.42,5488.73,5553.87,-27.07,-0.49%,0
"2025-03-28 16:00",5580.03,5580.95,5580.03,5580.94,0.66,+0.01%,0
"2025-03-28 12:00",5601.2,5609.26,5572.42,5580.28,-21.06,-0.38%,0
"2025-03-28 08:00",5679.2,5685.89,5599.64,5601.34,-91.97,-1.62%,0
"2025-03-27 16:00",5692.87,5693.31,5692.74,5693.31,0.95,+0.02%,0
"2025-03-27 12:00",5701.93,5722.31,5686.99,5692.36,-9.42,-0.17%,0
"2025-03-27 08:00",5695.64,5732.28,5670.94,5701.78,-10.42,-0.18%,0
"2025-03-26 16:00",5711.11,5712.2,5711.11,5712.2,0.09,0.00%,0
"2025-03-26 12:00",5728.95,5736.03,5694.41,5712.11,-16.82,-0.29%,0
"2025-03-26 08:00",5771.66,5783.62,5724.68,5728.93,-47.72,-0.83%,0
"2025-03-25 16:00",5776.69,5776.79,5776.62,5776.65,-0.18,0.00%,0
"2025-03-25 12:00",5770.38,5778.45,5760.42,5776.83,6.35,+0.11%,0
"2025-03-25 08:00",5775.96,5786.95,5763.05,5770.48,2.91,+0.05%,0
"2025-03-24 16:00",5764.84,5767.57,5764.84,5767.57,2.42,+0.04%,0
"2025-03-24 12:00",5761.3,5775.14,5743.69,5765.15,3.81,+0.07%,0
"2025-03-24 08:00",5718.08,5762.95,5718.08,5761.34,93.78,+1.65%,0
"2025-03-21 16:00",5666.95,5667.58,5666.95,5667.56,0.88,+0.02%,0
"2025-03-21 12:00",5617.14,5670.84,5611.41,5666.68,49.28,+0.88%,0
"2025-03-21 08:00",5630.73,5640.5,5603.1,5617.4,-45.49,-0.80%,0
"2025-03-20 16:00",5662.77,5662.95,5662.64,5662.89,0.82,+0.01%,0
"2025-03-20 12:00",5687.61,5698.96,5643.84,5662.07,-25.53,-0.45%,0
"2025-03-20 08:00",5646.92,5711.15,5632.33,5687.6,12.31,+0.22%,0
"2025-03-19 16:00",5675.52,5675.52,5675.29,5675.29,0.01,0.00%,0
"2025-03-19 12:00",5663.74,5715.33,5633.2,5675.28,11.56,+0.20%,0
"2025-03-19 08:00",5632.37,5668.93,5622.2,5663.72,49.06,+0.87%,0
"2025-03-18 16:00",5615.78,5615.78,5614.66,5614.66,-0.71,-0.01%,0
"2025-03-18 12:00",5602.14,5627.73,5600,5615.37,13.11,+0.23%,0
"2025-03-18 08:00",5654.53,5654.53,5597.76,5602.26,-72.86,-1.28%,0
"2025-03-17 16:00",5674.77,5675.33,5674.77,5675.12,-1.04,-0.02%,0
"2025-03-17 12:00",5644.55,5703.52,5639.99,5676.16,31.53,+0.56%,0
"2025-03-17 08:00",5635.6,5669.3,5631.12,5644.63,5.69,+0.10%,0
"2025-03-14 16:00",5637.47,5638.94,5637.47,5638.94,2.08,+0.04%,0
"2025-03-14 12:00",5627.6,5645.27,5607.72,5636.86,9.35,+0.17%,0
"2025-03-14 08:00",5563.85,5630.92,5563.85,5627.51,105.99,+1.92%,0
"2025-03-13 16:00",5521.92,5521.92,5521.17,5521.52,-0.04,0.00%,0
"2025-03-13 12:00",5531.58,5553.1,5504.65,5521.56,-10.04,-0.18%,0
"2025-03-13 08:00",5594.45,5597.78,5530.99,5531.6,-67.7,-1.21%,0
"2025-03-12 16:00",5598.5,5599.3,5598.5,5599.3,1.02,+0.02%,0
"2025-03-12 12:00",5599.79,5626.91,5586.68,5598.28,-1.58,-0.03%,0
"2025-03-12 08:00",5624.84,5642.19,5546.09,5599.86,27.79,+0.50%,0
"2025-03-11 16:00",5570.27,5572.07,5570.27,5572.07,0.28,+0.01%,0
"2025-03-11 12:00",5580.35,5636.3,5528.41,5571.79,-8.18,-0.15%,0
"2025-03-11 08:00",5603.65,5626.88,5549.08,5579.97,-34.59,-0.62%,0
"2025-03-10 16:00",5615.72,5615.72,5614.56,5614.56,-0.44,-0.01%,0
"2025-03-10 12:00",5646.53,5658.88,5564.02,5615,-31.66,-0.56%,0
"2025-03-10 08:00",5705.37,5705.37,5638.84,5646.66,-123.54,-2.14%,0
"2025-03-07 16:00",5769.69,5770.2,5769.48,5770.2,1.05,+0.02%,0
"2025-03-07 12:00",5679.92,5783.01,5668.16,5769.15,89.2,+1.57%,0
"2025-03-07 08:00",5726.01,5770.48,5666.29,5679.95,-58.57,-1.02%,0
"2025-03-06 16:00",5738.65,5738.65,5738.42,5738.52,0.03,0.00%,0
"2025-03-06 12:00",5756.16,5760.34,5711.64,5738.49,-17.75,-0.31%,0
"2025-03-06 08:00",5785.87,5812.08,5746.53,5756.24,-86.39,-1.48%,0
"2025-03-05 16:00",5842.79,5842.79,5842.15,5842.63,1.68,+0.03%,0
"2025-03-05 12:00",5770.42,5860.59,5770.42,5840.95,69.9,+1.21%,0
"2025-03-05 08:00",5781.36,5806.69,5742.35,5771.05,-7.1,-0.12%,0
"2025-03-04 16:00",5778.68,5778.68,5778.15,5778.15,0.71,+0.01%,0
"2025-03-04 12:00",5770.41,5865.08,5759.35,5777.44,7.22,+0.13%,0
"2025-03-04 08:00",5811.98,5811.98,5732.59,5770.22,-79.5,-1.36%,0
"2025-03-03 16:00",5850.48,5850.48,5849.72,5849.72,-1.61,-0.03%,0
"2025-03-03 12:00",5942.75,5953.47,5810.91,5851.33,-91.44,-1.54%,0
"2025-03-03 08:00",5968.33,5986.09,5919.18,5942.77,-11.73,-0.20%,0
"2025-02-28 16:00",5954.48,5954.53,5954.18,5954.5,1.47,+0.02%,0
"2025-02-28 12:00",5885.97,5959.4,5837.66,5953.03,66.94,+1.14%,0
"2025-02-28 08:00",5856.74,5903.49,5842.78,5886.09,24.52,+0.42%,0
"2025-02-27 16:00",5861.63,5862.3,5861.57,5861.57,-1.22,-0.02%,0
"2025-02-27 12:00",5938.02,5964.89,5858.78,5862.79,-75.14,-1.27%,0
"2025-02-27 08:00",5981.88,5993.69,5918.04,5937.93,-18.13,-0.30%,0
"2025-02-26 16:00",5957.01,5957.01,5956.06,5956.06,-1.37,-0.02%,0
"2025-02-26 12:00",5993.61,6007.25,5932.69,5957.43,-36.11,-0.60%,0
"2025-02-26 08:00",5970.87,6009.82,5964.71,5993.54,38.29,+0.64%,0
"2025-02-25 16:00",5954.93,5955.36,5954.93,5955.25,-0.67,-0.01%,0
"2025-02-25 12:00",5945.19,5979.95,5934.42,5955.92,10.4,+0.17%,0
"2025-02-25 08:00",5982.73,5992.65,5908.49,5945.52,-37.73,-0.63%,0
"2025-02-24 16:00",5983.78,5983.96,5983.25,5983.25,-1.05,-0.02%,0
"2025-02-24 12:00",6013.33,6031.45,5979.93,5984.3,-28.99,-0.48%,0
"2025-02-24 08:00",6026.69,6043.65,5977.83,6013.29,0.16,0.00%,0
"2025-02-21 16:00",6012.46,6013.51,6012.46,6013.13,-0.33,-0.01%,0
"2025-02-21 12:00",6081.84,6084.92,6008.56,6013.46,-68.53,-1.13%,0
"2025-02-21 08:00",6114.1,6114.82,6071.91,6081.99,-35.53,-0.58%,0
"2025-02-20 16:00",6117.99,6117.99,6117.52,6117.52,-0.49,-0.01%,0
"2025-02-20 12:00",6089.55,6121.87,6087.77,6118.01,28.41,+0.47%,0
"2025-02-20 08:00",6134.5,6134.5,6084.59,6089.6,-54.55,-0.89%,0
"2025-02-19 16:00",6144.44,6144.44,6144.09,6144.15,0.2,0.00%,0
"2025-02-19 12:00",6132.99,6147.43,6122.59,6143.95,11,+0.18%,0
"2025-02-19 08:00",6117.76,6134.08,6111.15,6132.95,3.37,+0.05%,0
"2025-02-18 16:00",6129.49,6129.63,6129.49,6129.58,0.19,0.00%,0
"2025-02-18 12:00",6118.15,6129.39,6099.51,6129.39,11.23,+0.18%,0
"2025-02-18 08:00",6121.6,6125.39,6108.94,6118.16,3.53,+0.06%,0
"2025-02-14 16:00",6113.95,6114.63,6113.95,6114.63,0.89,+0.01%,0
"2025-02-14 12:00",6118.4,6124.16,6107.62,6113.74,-4.71,-0.08%,0
"2025-02-14 08:00",6115.52,6127.47,6111.27,6118.45,3.38,+0.06%,0
"2025-02-13 16:00",6114.92,6115.09,6114.92,6115.07,0.13,0.00%,0
"2025-02-13 12:00",6078.82,6116.91,6068.43,6114.94,35.89,+0.59%,0
"2025-02-13 08:00",6060.59,6093.2,6050.95,6079.05,27.08,+0.45%,0
"2025-02-12 16:00",6051.31,6051.97,6051.31,6051.97,0.96,+0.02%,0
"2025-02-12 12:00",6051.88,6063,6043.22,6051.01,-0.78,-0.01%,0
"2025-02-12 08:00",6025.08,6052.52,6003,6051.79,-16.71,-0.28%,0
"2025-02-11 16:00",6069.71,6069.71,6068.5,6068.5,-0.42,-0.01%,0
"2025-02-11 12:00",6060.19,6076.28,6049.09,6068.92,8.58,+0.14%,0
"2025-02-11 08:00",6049.32,6070.14,6042.34,6060.34,-6.1,-0.10%,0
"2025-02-10 16:00",6066.19,6066.6,6066.19,6066.44,-0.22,0.00%,0
"2025-02-10 12:00",6062.92,6073.38,6051.17,6066.66,3.81,+0.06%,0
"2025-02-10 08:00",6046.4,6071.68,6044.84,6062.85,36.86,+0.61%,0
"2025-02-07 16:00",6025.92,6026.23,6025.92,6025.99,0.05,0.00%,0
"2025-02-07 12:00",6035.62,6056.42,6019.96,6025.94,-9.67,-0.16%,0
"2025-02-07 08:00",6083.13,6101.28,6032.53,6035.61,-47.96,-0.79%,0
"2025-02-06 16:00",6083.24,6083.57,6083.24,6083.57,0.71,+0.01%,0
"2025-02-06 12:00",6071.54,6084.03,6046.83,6082.86,11.45,+0.19%,0
"2025-02-06 08:00",6072.22,6080.71,6061.29,6071.41,9.93,+0.16%,0
"2025-02-05 16:00",6061.98,6061.98,6061.47,6061.48,-0.41,-0.01%,0
"2025-02-05 12:00",6046.06,6062.86,6042.39,6061.89,16.02,+0.26%,0
"2025-02-05 08:00",6020.45,6048.35,6007.06,6045.87,7.99,+0.13%,0
"2025-02-04 16:00",6037.87,6037.88,6037.79,6037.88,0.8,+0.01%,0
"2025-02-04 12:00",6033.42,6042.48,6014.21,6037.08,3.62,+0.06%,0
"2025-02-04 08:00",5998.14,6040.41,5990.87,6033.46,38.89,+0.65%,0
"2025-02-03 16:00",5994.89,5995.03,5994.57,5994.57,-0.51,-0.01%,0
"2025-02-03 12:00",5992.78,6022.13,5981.17,5995.08,2.21,+0.04%,0
"2025-02-03 08:00",5969.65,6011.43,5923.93,5992.87,-47.66,-0.79%,0
"2025-01-31 16:00",6039.35,6040.53,6039.35,6040.53,0.46,+0.01%,0
"2025-01-31 12:00",6109.79,6117.97,6030.93,6040.07,-69.63,-1.14%,0
"2025-01-31 08:00",6096.79,6120.91,6091.1,6109.7,38.53,+0.63%,0
"2025-01-30 16:00",6071.84,6071.84,6071.02,6071.17,1.51,+0.02%,0
"2025-01-30 12:00",6061.31,6086.64,6039.31,6069.66,8.43,+0.14%,0
"2025-01-30 08:00",6050.75,6080.59,6027.46,6061.23,21.92,+0.36%,0
"2025-01-29 16:00",6038.61,6039.36,6038.61,6039.31,0.64,+0.01%,0
"2025-01-29 12:00",6043.16,6057.27,6012.96,6038.67,-4.21,-0.07%,0
"2025-01-29 08:00",6057.7,6062.83,6040.14,6042.88,-24.82,-0.41%,0
"2025-01-28 16:00",6067.18,6067.72,6067.18,6067.7,0.74,+0.01%,0
"2025-01-28 12:00",6046.59,6074.54,6045.81,6066.96,20.38,+0.34%,0
"2025-01-28 08:00",6026.97,6056.41,5994.63,6046.58,34.3,+0.57%,0
"2025-01-27 16:00",6013.54,6013.54,6012.28,6012.28,-1.11,-0.02%,0
"2025-01-27 12:00",5988.33,6014.81,5979.53,6013.39,25.1,+0.42%,0
"2025-01-27 08:00",5969.04,6017.17,5962.92,5988.29,-112.95,-1.85%,0
"2025-01-24 16:00",6100.96,6101.25,6100.96,6101.24,0.42,+0.01%,0
"2025-01-24 12:00",6115.6,6120.48,6088.74,6100.82,-14.67,-0.24%,0
"2025-01-24 08:00",6121.43,6128.18,6111.15,6115.49,-3.22,-0.05%,0
"2025-01-23 16:00",6118.51,6118.73,6118.43,6118.71,0.49,+0.01%,0
"2025-01-23 12:00",6093.98,6118.22,6090.92,6118.22,24.21,+0.40%,0
"2025-01-23 08:00",6076.32,6099.88,6074.67,6094.01,7.64,+0.13%,0
"2025-01-22 16:00",6085.66,6086.37,6085.66,6086.37,0.71,+0.01%,0
"2025-01-22 12:00",6098.73,6100.81,6083.72,6085.66,-13.29,-0.22%,0
"2025-01-22 08:00",6081.39,6100.39,6076.13,6098.95,49.71,+0.82%,0
"2025-01-21 16:00",6049.7,6049.7,6049.24,6049.24,0.01,0.00%,0
"2025-01-21 12:00",6035.01,6051.51,6030.82,6049.23,14.13,+0.23%,0
"2025-01-21 08:00",6014.12,6036.57,6006.88,6035.1,38.44,+0.64%,0
"2025-01-17 16:00",5996.96,5996.96,5996.66,5996.66,-0.41,-0.01%,0
"2025-01-17 12:00",6004.74,6014.96,5995.14,5997.07,-7.56,-0.13%,0
"2025-01-17 08:00",5995.4,6011.95,5978.44,6004.63,67.29,+1.13%,0
"2025-01-16 16:00",5937.27,5937.54,5937.27,5937.34,-0.04,0.00%,0
"2025-01-16 12:00",5956.38,5959.22,5930.72,5937.38,-18.99,-0.32%,0
"2025-01-16 08:00",5963.61,5964.69,5934.44,5956.37,6.46,+0.11%,0
"2025-01-15 16:00",5949.11,5949.91,5949.11,5949.91,1.09,+0.02%,0
"2025-01-15 12:00",5921.61,5960.61,5920.05,5948.82,27.21,+0.46%,0
"2025-01-15 08:00",5905.21,5950.75,5905.21,5921.61,78.7,+1.35%,0
"2025-01-14 16:00",5843.25,5843.25,5842.71,5842.91,-0.4,-0.01%,0
"2025-01-14 12:00",5808.75,5858.49,5805.42,5843.31,34.27,+0.59%,0
"2025-01-14 08:00",5859.27,5871.92,5808.8,5809.04,-27.18,-0.47%,0
"2025-01-13 16:00",5836.19,5836.26,5836.19,5836.22,0.11,0.00%,0
"2025-01-13 12:00",5781.2,5838.61,5778.1,5836.11,54.83,+0.95%,0
"2025-01-13 08:00",5782.02,5811.99,5773.31,5781.28,-45.76,-0.79%,0
"2025-01-10 16:00",5826.57,5827.04,5826.57,5827.04,0.54,+0.01%,0
"2025-01-10 12:00",5812.71,5866.54,5807.78,5826.5,14.06,+0.24%,0
"2025-01-10 08:00",5890.35,5890.35,5809.79,5812.44,-105.81,-1.79%,0
"2025-01-08 16:00",5917.91,5918.25,5917.51,5918.25,1.7,+0.03%,0
"2025-01-08 12:00",5916.97,5927.89,5874.78,5916.55,-0.47,-0.01%,0
"2025-01-08 08:00",5910.66,5922.03,5882.64,5917.02,7.99,+0.14%,0
"2025-01-07 16:00",5909.08,5909.19,5909.03,5909.03,-0.51,-0.01%,0
"2025-01-07 12:00",5929.89,5947.25,5890.68,5909.54,-20.49,-0.35%,0
"2025-01-07 08:00",5993.26,6000.68,5925.51,5930.03,-45.35,-0.76%,0
"2025-01-06 16:00",5976.5,5976.5,5975.38,5975.38,-1.12,-0.02%,0
"2025-01-06 12:00",6018.39,6018.39,5960.01,5976.5,-41.85,-0.70%,0
"2025-01-06 08:00",5982.81,6021.04,5982.81,6018.35,75.88,+1.28%,0
"2025-01-03 16:00",5942.34,5942.53,5942.34,5942.47,0.59,+0.01%,0
"2025-01-03 12:00",5927.26,5949.34,5923.49,5941.88,14.59,+0.25%,0
"2025-01-03 08:00",5891.07,5932.81,5888.66,5927.29,58.74,+1.00%,0
"2025-01-02 16:00",5868.77,5869.02,5868.55,5868.55,-0.29,0.00%,0
"2025-01-02 12:00",5902.39,5909.71,5829.53,5868.84,-33.56,-0.57%,0
"2025-01-02 08:00",5903.26,5935.09,5877.45,5902.4,20.77,+0.35%,0
"Downloaded from Barchart.com as of 03-04-2026 12:46pm CST"
