Date,Type,Entry Time,Entry Price,Exit Price,Stop Loss,Take Profit,PnL,Reason,Capital,Cumulative Equity
2025-01-10,Long,2025-01-10 16:45:00,5831.31,5827.04,5808.478690000001,5924.01,-187.0238720424065,End of Day,99812.97612795759,99812.97612795759
2025-01-17,Short,2025-01-17 17:00:00,6006.88,5996.66,6017.90688,5932.17,926.8260831713754,End of Day,100739.80221112896,100739.80221112896
2025-01-24,Long,2025-01-24 16:45:00,6101.24,6101.24,6088.62876,6118.73,0.0,End of Day,100739.80221112896,100739.80221112896
2025-01-30,Short,2025-01-30 16:45:00,6069.66,6071.17,6086.81966,6030.06,-87.99708152726777,End of Day,100651.8051296017,100651.8051296017
2025-01-31,Short,2025-01-31 14:00:00,6109.72,6066.82,6121.329720000001,6066.82,3695.179556440564,Take Profit,104346.98468604225,104346.98468604225
2025-02-10,Short,2025-02-10 14:15:00,6061.45,6072.51145,6072.51145,6022.93,-1000.0,Stop Loss,103346.98468604225,103346.98468604225
2025-02-12,Long,2025-02-12 11:00:00,6042.76,6026.24724,6026.24724,6076.28,-1000.0,Stop Loss,102346.98468604225,102346.98468604225
2025-02-12,Long,2025-02-12 14:00:00,6056.25,6046.463750000001,6046.463750000001,6076.28,-999.9999999999999,Stop Loss,101346.98468604225,101346.98468604225
2025-02-12,Long,2025-02-12 15:45:00,6055.93,6043.87407,6043.87407,6076.28,-1000.0,Stop Loss,100346.98468604225,100346.98468604225
2025-02-13,Short,2025-02-13 14:00:00,6084.53,6093.69453,6093.69453,6044.84,-1000.0,Stop Loss,99346.98468604225,99346.98468604225
2025-02-20,Long,2025-02-20 16:45:00,6102.49,6117.52,6088.40751,6147.43,1067.2828455763781,End of Day,100414.26753161864,100414.26753161864
2025-02-25,Long,2025-02-25 16:45:00,5940.53,5955.25,5919.72947,5983.96,707.6742756074287,End of Day,101121.94180722606,101121.94180722606
2025-03-04,Long,2025-03-04 15:15:00,5773.48,5850.48,5757.75652,5850.48,4897.134730988413,Take Profit,106019.07653821447,106019.07653821447
2025-03-06,Long,2025-03-06 11:45:00,5796.36,5764.22364,5764.22364,5850.48,-1000.0,Stop Loss,105019.07653821447,105019.07653821447
2025-03-07,Long,2025-03-07 13:15:00,5712.28,5751.68,5683.94772,5751.68,1390.6399343787746,Take Profit,106409.71647259325,106409.71647259325
2025-03-10,Long,2025-03-10 16:45:00,5600.12,5614.56,5579.43988,5771.19,698.2551358503005,End of Day,107107.97160844355,107107.97160844355
2025-03-11,Long,2025-03-11 12:00:00,5580.27,5572.199729999999,5572.199729999999,5622.5,-1000.0,Stop Loss,106107.97160844355,106107.97160844355
2025-03-12,Short,2025-03-12 14:45:00,5602.63,5621.742630000001,5621.742630000001,5569.59,-1000.0,Stop Loss,105107.97160844355,105107.97160844355
2025-03-13,Long,2025-03-13 15:45:00,5537.27,5510.19273,5510.19273,5622.5,-1000.0,Stop Loss,104107.97160844355,104107.97160844355
2025-03-14,Short,2025-03-14 10:45:00,5576.02,5594.60602,5594.60602,5504.65,-1000.0,Stop Loss,103107.97160844355,103107.97160844355
2025-03-14,Short,2025-03-14 12:45:00,5609.39,5625.36939,5625.36939,5504.65,-1000.0,Stop Loss,102107.97160844355,102107.97160844355
2025-03-21,Long,2025-03-21 11:30:00,5628.68,5618.25132,5618.25132,5677.39,-1000.0,Stop Loss,101107.97160844355,101107.97160844355
2025-03-21,Long,2025-03-21 16:45:00,5641.82,5667.56,5631.628180000001,5677.39,2525.554807679391,End of Day,103633.52641612294,103633.52641612294
2025-03-24,Short,2025-03-24 15:30:00,5754.8,5766.1448,5766.1448,5666.95,-1000.0,Stop Loss,102633.52641612294,102633.52641612294
2025-03-25,Short,2025-03-25 12:30:00,5778.67,5764.84,5787.12867,5764.84,1635.0088134422967,Take Profit,104268.53522956524,104268.53522956524
2025-03-27,Long,2025-03-27 12:45:00,5708.93,5701.92107,5701.92107,5724.16,-1000.0,Stop Loss,103268.53522956524,103268.53522956524
2025-03-27,Long,2025-03-27 15:45:00,5701.89,5693.70811,5693.70811,5724.16,-1000.0,Stop Loss,102268.53522956524,102268.53522956524
2025-03-31,Long,2025-03-31 12:45:00,5560.32,5553.699680000001,5553.699680000001,5587.02,-1000.0,Stop Loss,101268.53522956524,101268.53522956524
2025-04-04,Long,2025-04-04 11:30:00,5182.93,5176.03707,5176.03707,5396.61,-1000.0,Stop Loss,100268.53522956524,100268.53522956524
2025-04-04,Long,2025-04-04 14:15:00,5163.15,5131.58685,5131.58685,5396.61,-1000.0,Stop Loss,99268.53522956524,99268.53522956524
2025-04-07,Long,2025-04-07 10:30:00,5004.96,4975.87504,4975.87504,5074.13,-1000.0,Stop Loss,98268.53522956524,98268.53522956524
2025-04-08,Short,2025-04-08 13:30:00,5197.96,5041.68,5253.10796,5041.68,2833.8310247559307,Take Profit,101102.36625432117,101102.36625432117
2025-04-21,Long,2025-04-21 17:00:00,5110.46,5158.2,5102.99954,5284.61,6399.069226294122,End of Day,107501.43548061528,107501.43548061528
2025-04-22,Short,2025-04-22 15:45:00,5243.44,5291.72344,5291.72344,5157.24,-1000.0,Stop Loss,106501.43548061528,106501.43548061528
2025-04-24,Short,2025-04-24 15:45:00,5466.75,5483.786749999999,5483.786749999999,5356.17,-1000.0,Stop Loss,105501.43548061528,105501.43548061528
2025-04-28,Long,2025-04-28 15:45:00,5494.25,5528.11,5474.7257500000005,5528.11,1734.2535564746695,Take Profit,107235.68903708995,107235.68903708995
2025-05-01,Short,2025-05-01 16:30:00,5621.02,5604.14,5655.851019999999,5564.52,484.62548613278426,End of Day,107720.31452322274,107720.31452322274
2025-05-06,Long,2025-05-06 13:30:00,5623.92,5603.50608,5603.50608,5651.28,-999.9999999999999,Stop Loss,106720.31452322274,106720.31452322274
2025-05-06,Long,2025-05-06 16:45:00,5621.68,5606.91,5600.09832,5651.28,-684.3767491687523,End of Day,106035.937774054,106035.937774054
2025-05-08,Short,2025-05-08 16:45:00,5694.44,5663.94,5712.20444,5630.36,1716.913114063746,End of Day,107752.85088811774,107752.85088811774
2025-05-13,Short,2025-05-13 15:15:00,5897.66,5905.0176599999995,5905.0176599999995,5844.17,-1000.0,Stop Loss,106752.85088811774,106752.85088811774
2025-05-13,Short,2025-05-13 16:45:00,5886.55,5886.55,5906.20655,5844.17,-0.0,End of Day,106752.85088811774,106752.85088811774
2025-05-15,Short,2025-05-15 16:45:00,5907.76,5916.93,5919.71776,5884.3,-766.8660351102458,End of Day,105985.9848530075,105985.9848530075
2025-05-19,Long,2025-05-19 12:45:00,5935.35,5958.62,5921.69465,5958.62,1704.0939997875946,Take Profit,107690.0788527951,107690.0788527951
2025-05-21,Long,2025-05-21 13:00:00,5930.61,5913.61939,5913.61939,5953.06,-1000.0,Stop Loss,106690.0788527951,106690.0788527951
2025-05-23,Long,2025-05-23 16:45:00,5803.57,5802.82,5785.74643,5842.04,-42.079112097072496,End of Day,106647.99974069803,106647.99974069803
2025-06-10,Short,2025-06-10 14:45:00,6021.89,6033.68189,6033.68189,5996.35,-1000.0,Stop Loss,105647.99974069803,105647.99974069803
2025-06-13,Long,2025-06-13 14:15:00,6004.23,5990.4157700000005,5990.4157700000005,6045.43,-999.9999999999999,Stop Loss,104647.99974069803,104647.99974069803
2025-06-17,Long,2025-06-17 11:30:00,6018.68,6009.68132,6009.68132,6050.83,-1000.0,Stop Loss,103647.99974069803,103647.99974069803
2025-06-20,Short,2025-06-20 10:30:00,5994.65,5971.89,6005.66465,5971.89,2066.3389213455857,Take Profit,105714.3386620436,105714.3386620436
2025-06-23,Short,2025-06-23 12:30:00,5982.61,5952.56,5994.02261,5952.56,2633.052386789564,Take Profit,108347.39104883317,108347.39104883317
2025-06-24,Short,2025-06-24 16:45:00,6092.18,6092.18,6104.15218,6024.93,-0.0,End of Day,108347.39104883317,108347.39104883317
2025-06-30,Short,2025-06-30 15:00:00,6187.97,6195.37797,6195.37797,6172.74,-1000.0,Stop Loss,107347.39104883317,107347.39104883317
2025-07-07,Long,2025-07-07 16:45:00,6229.98,6229.98,6214.18002,6284.65,0.0,End of Day,107347.39104883317,107347.39104883317
2025-07-10,Short,2025-07-10 16:45:00,6283.89,6280.46,6293.513889999999,6262.71,356.40473862447203,End of Day,107703.79578745765,107703.79578745765
2025-07-11,Long,2025-07-11 16:30:00,6261.97,6259.75,6248.6180300000005,6290.22,-166.26759946287348,End of Day,107537.52818799479,107537.52818799479
2025-07-21,Short,2025-07-21 16:30:00,6329.58,6305.6,6339.78958,6296.35,2348.7743864096456,End of Day,109886.30257440443,109886.30257440443
2025-07-29,Long,2025-07-29 13:30:00,6385.01,6372.21499,6372.21499,6401.07,-999.9999999999999,Stop Loss,108886.30257440443,108886.30257440443
2025-08-07,Short,2025-08-07 11:15:00,6359.51,6337.83,6369.61951,6337.83,2144.5154117261673,Take Profit,111030.8179861306,111030.8179861306
2025-08-19,Long,2025-08-19 16:45:00,6409.01,6411.37,6400.05099,6450.22,263.4219629177268,End of Day,111294.23994904832,111294.23994904832
2025-08-20,Long,2025-08-20 16:45:00,6377.9,6395.78,6357.062099999999,6416.23,858.0519150202144,End of Day,112152.29186406854,112152.29186406854
2025-08-25,Long,2025-08-25 15:15:00,6463.67,6452.20633,6452.20633,6478.89,-1000.0000000000001,Stop Loss,111152.29186406854,111152.29186406854
2025-08-27,Short,2025-08-27 16:30:00,6480.22,6481.4,6490.14022,6465.86,-118.94897492186513,End of Day,111033.34288914668,111033.34288914668
2025-09-02,Long,2025-09-02 16:45:00,6378.56,6415.54,6369.34144,6460.3,4011.4725076366103,End of Day,115044.81539678329,115044.81539678329
2025-09-03,Short,2025-09-03 16:45:00,6439.44,6448.26,6453.7094400000005,6414.63,-618.1041442411221,End of Day,114426.71125254217,114426.71125254217
2025-09-08,Short,2025-09-08 16:45:00,6489.55,6495.15,6497.55955,6453.58,-699.1653713379179,End of Day,113727.54588120425,113727.54588120425
2025-09-11,Short,2025-09-11 15:30:00,6581.17,6589.881170000001,6589.881170000001,6516.34,-1000.0,Stop Loss,112727.54588120425,112727.54588120425
2025-09-23,Long,2025-09-23 16:45:00,6656.92,6656.92,6648.93308,6698.88,0.0,End of Day,112727.54588120425,112727.54588120425
2025-09-24,Long,2025-09-24 16:45:00,6635.65,6637.97,6625.0143499999995,6659.57,218.1342936257381,End of Day,112945.68017482999,112945.68017482999
2025-09-30,Long,2025-09-30 12:15:00,6652.75,6663.31,6644.67725,6663.31,1308.1044253816913,Take Profit,114253.78460021169,114253.78460021169
2025-10-01,Short,2025-10-01 16:45:00,6711.2,6711.2,6719.5112,6687.65,-0.0,End of Day,114253.78460021169,114253.78460021169
2025-10-06,Short,2025-10-06 16:45:00,6742.79,6740.28,6750.31279,6714.05,333.6528070038141,End of Day,114587.4374072155,114587.4374072155
2025-10-09,Long,2025-10-09 11:30:00,6739.29,6729.170709999999,6729.170709999999,6755.64,-1000.0000000000001,Stop Loss,113587.4374072155,113587.4374072155
2025-10-09,Long,2025-10-09 12:45:00,6736.01,6725.25399,6725.25399,6755.64,-1000.0000000000001,Stop Loss,112587.4374072155,112587.4374072155
2025-10-09,Long,2025-10-09 16:45:00,6733.09,6735.11,6721.616910000001,6755.64,176.06416405690314,End of Day,112763.50157127241,112763.50157127241
2025-10-14,Long,2025-10-14 12:30:00,6621.04,6668.68,6584.58896,6668.68,1306.9585943226978,Take Profit,114070.46016559511,114070.46016559511
2025-10-16,Long,2025-10-16 15:15:00,6626.91,6608.17309,6608.17309,6686.17,-1000.0,Stop Loss,113070.46016559511,113070.46016559511
2025-10-16,Long,2025-10-16 16:45:00,6629.07,6629.07,6610.61093,6686.17,0.0,End of Day,113070.46016559511,113070.46016559511
2025-10-20,Short,2025-10-20 16:45:00,6738.99,6735.13,6746.48899,6662.44,514.7359844458583,End of Day,113585.19615004097,113585.19615004097
2025-10-22,Long,2025-10-22 16:30:00,6696.48,6699.4,6680.78352,6745.87,186.02896955241846,End of Day,113771.22511959338,113771.22511959338
2025-10-28,Short,2025-10-28 17:00:00,6890.89,6890.89,6904.18089,6874.63,-0.0,End of Day,113771.22511959338,113771.22511959338
2025-10-30,Long,2025-10-30 11:30:00,6870.34,6853.62966,6853.62966,6894.84,-1000.0,Stop Loss,112771.22511959338,112771.22511959338
2025-10-30,Long,2025-10-30 13:00:00,6871.5,6854.7485,6854.7485,6894.84,-1000.0,Stop Loss,111771.22511959338,111771.22511959338
2025-11-03,Short,2025-11-03 12:15:00,6845.17,6858.075169999999,6858.075169999999,6814.26,-1000.0,Stop Loss,110771.22511959338,110771.22511959338
2025-11-05,Short,2025-11-05 16:30:00,6814.83,6796.29,6828.98483,6766.71,1309.8002589928271,End of Day,112081.0253785862,112081.0253785862
2025-11-06,Long,2025-11-06 13:00:00,6731.76,6715.74824,6715.74824,6796.63,-1000.0,Stop Loss,111081.0253785862,111081.0253785862
2025-11-06,Long,2025-11-06 15:30:00,6754.76,6733.99524,6733.99524,6796.63,-999.9999999999999,Stop Loss,110081.0253785862,110081.0253785862
2025-11-07,Long,2025-11-07 15:45:00,6651.17,6721.21,6639.63883,6721.21,6073.971678502593,Take Profit,116154.9970570888,116154.9970570888
2025-11-11,Short,2025-11-11 16:45:00,6850.66,6846.61,6857.55066,6830.35,587.752116633264,End of Day,116742.74917372206,116742.74917372206
2025-11-17,Long,2025-11-17 17:00:00,6672.41,6672.41,6651.88759,6735.37,0.0,End of Day,116742.74917372206,116742.74917372206
2025-11-18,Long,2025-11-18 12:15:00,6635.14,6603.90486,6603.90486,6673.75,-1000.0,Stop Loss,115742.74917372206,115742.74917372206
2025-11-18,Long,2025-11-18 15:15:00,6654.31,6639.26569,6639.26569,6673.75,-1000.0,Stop Loss,114742.74917372206,114742.74917372206
2025-11-20,Short,2025-11-20 11:45:00,6713.41,6622.49,6765.893410000001,6622.49,1732.3569486052604,Take Profit,116475.10612232731,116475.10612232731
2025-11-26,Short,2025-11-26 17:00:00,6812.61,6812.61,6830.65261,6765.43,-0.0,End of Day,116475.10612232731,116475.10612232731
2025-12-11,Short,2025-12-11 16:30:00,6894.9,6901.0,6904.6949,6882.79,-622.7730757843243,End of Day,115852.33304654299,115852.33304654299
2025-12-12,Long,2025-12-12 16:45:00,6824.67,6827.41,6810.25533,6903.46,190.0841295707609,End of Day,116042.41717611375,116042.41717611375
2025-12-19,Short,2025-12-19 16:45:00,6831.61,6834.5,6842.71161,6770.82,-260.3226018568628,End of Day,115782.09457425689,115782.09457425689
2025-12-24,Short,2025-12-24 14:45:00,6932.05,6932.05,6939.202050000001,6909.4,-0.0,End of Day,115782.09457425689,115782.09457425689
2026-01-05,Short,2026-01-05 16:45:00,6909.93,6902.05,6920.71993,6846.64,730.310576620995,End of Day,116512.40515087788,116512.40515087788
2026-01-06,Short,2026-01-06 12:30:00,6916.82,6933.766820000001,6933.766820000001,6892.54,-1000.0,Stop Loss,115512.40515087788,115512.40515087788
2026-01-06,Short,2026-01-06 16:45:00,6944.82,6944.82,6951.99482,6892.54,-0.0,End of Day,115512.40515087788,115512.40515087788
2026-01-09,Short,2026-01-09 13:30:00,6962.89,6973.00289,6973.00289,6920.75,-1000.0000000000001,Stop Loss,114512.40515087788,114512.40515087788
2026-01-09,Short,2026-01-09 16:45:00,6966.28,6966.28,6979.09628,6920.75,-0.0,End of Day,114512.40515087788,114512.40515087788
2026-01-12,Short,2026-01-12 16:45:00,6978.28,6977.27,6987.89828,6963.09,105.00837987657317,End of Day,114617.41353075445,114617.41353075445
2026-01-20,Long,2026-01-20 12:30:00,6866.9,6839.2831,6839.2831,6940.18,-1000.0000000000001,Stop Loss,113617.41353075445,113617.41353075445
2026-01-22,Short,2026-01-22 16:30:00,6911.44,6913.35,6935.66144,6869.91,-78.85575754376056,End of Day,113538.55777321069,113538.55777321069
2026-01-29,Long,2026-01-29 16:15:00,6902.72,6969.01,6887.81728,6986.46,4448.181271606779,End of Day,117986.73904481747,117986.73904481747
2026-02-03,Long,2026-02-03 16:30:00,6907.2,6917.81,6885.4728000000005,6986.46,488.3279944033698,End of Day,118475.06703922084,118475.06703922084
2026-02-09,Short,2026-02-09 16:30:00,6967.58,6964.82,6980.1375800000005,6930.54,219.7875705350941,End of Day,118694.85460975593,118694.85460975593
2026-02-12,Short,2026-02-12 10:30:00,6953.87,6930.54,6964.49387,6930.54,2195.9982567556976,Take Profit,120890.85286651163,120890.85286651163
2026-02-20,Short,2026-02-20 12:45:00,6876.69,6885.36669,6885.36669,6861.85,-1000.0,Stop Loss,119890.85286651163,119890.85286651163
2026-02-23,Long,2026-02-23 14:30:00,6847.54,6826.672460000001,6826.672460000001,6915.86,-1000.0,Stop Loss,118890.85286651163,118890.85286651163
